2026.02.02 12:08:09 INFO  Started: Metals version 1.6.5 in folders 'C:\Users\marta\Documents\DOBLE GRADO\4º carrera\TFG\WEB\TFG' for client Visual Studio Code 1.107.1.
2026.02.02 12:08:09 INFO  Memory monitor started
2026.02.02 12:08:09 WARN  Using H2 2.4.240 which is newer than the version Flyway has been verified with. The latest verified version of H2 is 2.3.232.
2026.02.02 12:08:10 INFO  no build target found for C:\Users\marta\Documents\DOBLE GRADO\4º carrera\TFG\WEB\TFG\src\main\java\es\marta\tfg\carescan\controller\GeneralController.java. Using fallback presentation compiler.
feb 02, 2026 12:08:11 P. M. org.eclipse.lsp4j.jsonrpc.RemoteEndpoint handleCancellation
WARNING: Unmatched cancel notification for request id 2
feb 02, 2026 12:08:11 P. M. org.eclipse.lsp4j.jsonrpc.RemoteEndpoint handleCancellation
WARNING: Unmatched cancel notification for request id 1
2026.02.02 12:11:12 INFO  no build target found for C:\Users\marta\Documents\DOBLE GRADO\4º carrera\TFG\WEB\TFG\src\main\java\es\marta\tfg\carescan\controller\GeneralController.java. Using fallback presentation compiler.
2026.02.02 12:11:12 INFO  no build target found for C:\Users\marta\Documents\DOBLE GRADO\4º carrera\TFG\WEB\TFG\src\main\java\es\marta\tfg\carescan\DTO\signUp.java. Using fallback presentation compiler.
2026.02.02 12:11:12 INFO  no build target found for C:\Users\marta\Documents\DOBLE GRADO\4º carrera\TFG\WEB\TFG\src\main\java\es\marta\tfg\carescan\DTO\signUp.java. Using fallback presentation compiler.
2026.02.02 12:11:12 INFO  no build target found for C:\Users\marta\Documents\DOBLE GRADO\4º carrera\TFG\WEB\TFG\src\main\java\es\marta\tfg\carescan\DTO\signUp.java. Using fallback presentation compiler.
2026.02.02 12:11:12 INFO  no build target found for C:\Users\marta\Documents\DOBLE GRADO\4º carrera\TFG\WEB\TFG\src\main\java\es\marta\tfg\carescan\DTO\signUp.java. Using fallback presentation compiler.
2026.02.02 12:11:13 INFO  no build target found for C:\Users\marta\Documents\DOBLE GRADO\4º carrera\TFG\WEB\TFG\src\main\java\es\marta\tfg\carescan\DTO\signUp.java. Using fallback presentation compiler.
2026.02.02 12:11:13 INFO  no build target found for C:\Users\marta\Documents\DOBLE GRADO\4º carrera\TFG\WEB\TFG\src\main\java\es\marta\tfg\carescan\model\Consulta.java. Using fallback presentation compiler.
2026.02.02 12:11:14 INFO  no build target found for C:\Users\marta\Documents\DOBLE GRADO\4º carrera\TFG\WEB\TFG\src\main\java\es\marta\tfg\carescan\model\Consulta.java. Using fallback presentation compiler.
2026.02.02 12:11:15 INFO  no build target found for C:\Users\marta\Documents\DOBLE GRADO\4º carrera\TFG\WEB\TFG\src\main\java\es\marta\tfg\carescan\model\Consulta.java. Using fallback presentation compiler.
2026.02.02 12:11:15 INFO  no build target found for C:\Users\marta\Documents\DOBLE GRADO\4º carrera\TFG\WEB\TFG\src\main\java\es\marta\tfg\carescan\model\Role.java. Using fallback presentation compiler.
2026.02.02 12:11:15 INFO  no build target found for C:\Users\marta\Documents\DOBLE GRADO\4º carrera\TFG\WEB\TFG\src\main\java\es\marta\tfg\carescan\model\Role.java. Using fallback presentation compiler.
2026.02.02 12:11:16 INFO  no build target found for C:\Users\marta\Documents\DOBLE GRADO\4º carrera\TFG\WEB\TFG\src\main\java\es\marta\tfg\carescan\model\Role.java. Using fallback presentation compiler.
2026.02.02 12:11:16 INFO  no build target found for C:\Users\marta\Documents\DOBLE GRADO\4º carrera\TFG\WEB\TFG\src\main\java\es\marta\tfg\carescan\model\User.java. Using fallback presentation compiler.
2026.02.02 12:11:16 INFO  no build target found for C:\Users\marta\Documents\DOBLE GRADO\4º carrera\TFG\WEB\TFG\src\main\java\es\marta\tfg\carescan\model\User.java. Using fallback presentation compiler.
2026.02.02 12:11:16 INFO  no build target found for C:\Users\marta\Documents\DOBLE GRADO\4º carrera\TFG\WEB\TFG\src\main\java\es\marta\tfg\carescan\model\User.java. Using fallback presentation compiler.
2026.02.02 12:11:16 INFO  no build target found for C:\Users\marta\Documents\DOBLE GRADO\4º carrera\TFG\WEB\TFG\src\main\java\es\marta\tfg\carescan\model\User.java. Using fallback presentation compiler.
2026.02.02 12:11:18 INFO  no build target found for C:\Users\marta\Documents\DOBLE GRADO\4º carrera\TFG\WEB\TFG\src\main\java\es\marta\tfg\carescan\model\User.java. Using fallback presentation compiler.
2026.02.02 12:11:18 INFO  no build target found for C:\Users\marta\Documents\DOBLE GRADO\4º carrera\TFG\WEB\TFG\src\main\java\es\marta\tfg\carescan\repository\ConsultaRepository.java. Using fallback presentation compiler.
2026.02.02 12:11:18 INFO  no build target found for C:\Users\marta\Documents\DOBLE GRADO\4º carrera\TFG\WEB\TFG\src\main\java\es\marta\tfg\carescan\repository\ConsultaRepository.java. Using fallback presentation compiler.
2026.02.02 12:11:18 INFO  no build target found for C:\Users\marta\Documents\DOBLE GRADO\4º carrera\TFG\WEB\TFG\src\main\java\es\marta\tfg\carescan\repository\ConsultaRepository.java. Using fallback presentation compiler.
2026.02.02 12:11:19 INFO  no build target found for C:\Users\marta\Documents\DOBLE GRADO\4º carrera\TFG\WEB\TFG\src\main\java\es\marta\tfg\carescan\repository\ConsultaRepository.java. Using fallback presentation compiler.
2026.02.02 12:11:19 INFO  no build target found for C:\Users\marta\Documents\DOBLE GRADO\4º carrera\TFG\WEB\TFG\src\main\java\es\marta\tfg\carescan\repository\UserRepository.java. Using fallback presentation compiler.
2026.02.02 12:11:19 INFO  no build target found for C:\Users\marta\Documents\DOBLE GRADO\4º carrera\TFG\WEB\TFG\src\main\java\es\marta\tfg\carescan\repository\UserRepository.java. Using fallback presentation compiler.
2026.02.02 12:11:21 INFO  no build target found for C:\Users\marta\Documents\DOBLE GRADO\4º carrera\TFG\WEB\TFG\src\main\java\es\marta\tfg\carescan\repository\UserRepository.java. Using fallback presentation compiler.
2026.02.02 12:11:21 INFO  no build target found for C:\Users\marta\Documents\DOBLE GRADO\4º carrera\TFG\WEB\TFG\src\main\java\es\marta\tfg\carescan\security\jwt\AuthResponse.java. Using fallback presentation compiler.
2026.02.02 12:11:21 INFO  no build target found for C:\Users\marta\Documents\DOBLE GRADO\4º carrera\TFG\WEB\TFG\src\main\java\es\marta\tfg\carescan\security\jwt\AuthResponse.java. Using fallback presentation compiler.
2026.02.02 12:11:21 INFO  no build target found for C:\Users\marta\Documents\DOBLE GRADO\4º carrera\TFG\WEB\TFG\src\main\java\es\marta\tfg\carescan\security\jwt\AuthResponse.java. Using fallback presentation compiler.
2026.02.02 12:11:21 INFO  no build target found for C:\Users\marta\Documents\DOBLE GRADO\4º carrera\TFG\WEB\TFG\src\main\java\es\marta\tfg\carescan\security\jwt\AuthResponse.java. Using fallback presentation compiler.
2026.02.02 12:11:21 INFO  no build target found for C:\Users\marta\Documents\DOBLE GRADO\4º carrera\TFG\WEB\TFG\src\main\java\es\marta\tfg\carescan\security\jwt\AuthResponse.java. Using fallback presentation compiler.
2026.02.02 12:11:22 INFO  no build target found for C:\Users\marta\Documents\DOBLE GRADO\4º carrera\TFG\WEB\TFG\src\main\java\es\marta\tfg\carescan\security\jwt\JwtRequestFilter.java. Using fallback presentation compiler.
2026.02.02 12:11:21 INFO  no build target found for C:\Users\marta\Documents\DOBLE GRADO\4º carrera\TFG\WEB\TFG\src\main\java\es\marta\tfg\carescan\security\jwt\JwtRequestFilter.java. Using fallback presentation compiler.
2026.02.02 12:11:22 INFO  no build target found for C:\Users\marta\Documents\DOBLE GRADO\4º carrera\TFG\WEB\TFG\src\main\java\es\marta\tfg\carescan\security\jwt\JwtRequestFilter.java. Using fallback presentation compiler.
2026.02.02 12:11:22 INFO  no build target found for C:\Users\marta\Documents\DOBLE GRADO\4º carrera\TFG\WEB\TFG\src\main\java\es\marta\tfg\carescan\security\jwt\JwtRequestFilter.java. Using fallback presentation compiler.
2026.02.02 12:11:22 INFO  no build target found for C:\Users\marta\Documents\DOBLE GRADO\4º carrera\TFG\WEB\TFG\src\main\java\es\marta\tfg\carescan\security\jwt\JwtTokenProvider.java. Using fallback presentation compiler.
2026.02.02 12:11:23 INFO  no build target found for C:\Users\marta\Documents\DOBLE GRADO\4º carrera\TFG\WEB\TFG\src\main\java\es\marta\tfg\carescan\security\jwt\JwtTokenProvider.java. Using fallback presentation compiler.
2026.02.02 12:11:22 INFO  no build target found for C:\Users\marta\Documents\DOBLE GRADO\4º carrera\TFG\WEB\TFG\src\main\java\es\marta\tfg\carescan\security\jwt\JwtTokenProvider.java. Using fallback presentation compiler.
2026.02.02 12:11:24 INFO  no build target found for C:\Users\marta\Documents\DOBLE GRADO\4º carrera\TFG\WEB\TFG\src\main\java\es\marta\tfg\carescan\security\jwt\JwtTokenProvider.java. Using fallback presentation compiler.
2026.02.02 12:11:24 INFO  no build target found for C:\Users\marta\Documents\DOBLE GRADO\4º carrera\TFG\WEB\TFG\src\main\java\es\marta\tfg\carescan\security\jwt\LoginRequest.java. Using fallback presentation compiler.
2026.02.02 12:11:24 INFO  no build target found for C:\Users\marta\Documents\DOBLE GRADO\4º carrera\TFG\WEB\TFG\src\main\java\es\marta\tfg\carescan\security\jwt\LoginRequest.java. Using fallback presentation compiler.
2026.02.02 12:11:24 INFO  no build target found for C:\Users\marta\Documents\DOBLE GRADO\4º carrera\TFG\WEB\TFG\src\main\java\es\marta\tfg\carescan\security\jwt\LoginRequest.java. Using fallback presentation compiler.
2026.02.02 12:11:24 INFO  no build target found for C:\Users\marta\Documents\DOBLE GRADO\4º carrera\TFG\WEB\TFG\src\main\java\es\marta\tfg\carescan\security\jwt\LoginRequest.java. Using fallback presentation compiler.
2026.02.02 12:11:24 INFO  no build target found for C:\Users\marta\Documents\DOBLE GRADO\4º carrera\TFG\WEB\TFG\src\main\java\es\marta\tfg\carescan\security\jwt\TokenType.java. Using fallback presentation compiler.
2026.02.02 12:11:24 INFO  no build target found for C:\Users\marta\Documents\DOBLE GRADO\4º carrera\TFG\WEB\TFG\src\main\java\es\marta\tfg\carescan\security\jwt\TokenType.java. Using fallback presentation compiler.
2026.02.02 12:11:24 INFO  no build target found for C:\Users\marta\Documents\DOBLE GRADO\4º carrera\TFG\WEB\TFG\src\main\java\es\marta\tfg\carescan\security\jwt\TokenType.java. Using fallback presentation compiler.
2026.02.02 12:11:25 INFO  no build target found for C:\Users\marta\Documents\DOBLE GRADO\4º carrera\TFG\WEB\TFG\src\main\java\es\marta\tfg\carescan\security\jwt\TokenType.java. Using fallback presentation compiler.
2026.02.02 12:11:25 INFO  no build target found for C:\Users\marta\Documents\DOBLE GRADO\4º carrera\TFG\WEB\TFG\src\main\java\es\marta\tfg\carescan\security\jwt\TokenType.java. Using fallback presentation compiler.
2026.02.02 12:11:25 INFO  no build target found for C:\Users\marta\Documents\DOBLE GRADO\4º carrera\TFG\WEB\TFG\src\main\java\es\marta\tfg\carescan\security\jwt\UnauthorizedHandlerJwt.java. Using fallback presentation compiler.
2026.02.02 12:11:26 INFO  no build target found for C:\Users\marta\Documents\DOBLE GRADO\4º carrera\TFG\WEB\TFG\src\main\java\es\marta\tfg\carescan\security\jwt\UnauthorizedHandlerJwt.java. Using fallback presentation compiler.
2026.02.02 12:11:25 INFO  no build target found for C:\Users\marta\Documents\DOBLE GRADO\4º carrera\TFG\WEB\TFG\src\main\java\es\marta\tfg\carescan\security\jwt\UnauthorizedHandlerJwt.java. Using fallback presentation compiler.
2026.02.02 12:11:26 INFO  no build target found for C:\Users\marta\Documents\DOBLE GRADO\4º carrera\TFG\WEB\TFG\src\main\java\es\marta\tfg\carescan\security\jwt\UnauthorizedHandlerJwt.java. Using fallback presentation compiler.
2026.02.02 12:11:26 INFO  no build target found for C:\Users\marta\Documents\DOBLE GRADO\4º carrera\TFG\WEB\TFG\src\main\java\es\marta\tfg\carescan\security\jwt\UserLoginService.java. Using fallback presentation compiler.
2026.02.02 12:11:26 INFO  no build target found for C:\Users\marta\Documents\DOBLE GRADO\4º carrera\TFG\WEB\TFG\src\main\java\es\marta\tfg\carescan\security\jwt\UserLoginService.java. Using fallback presentation compiler.
2026.02.02 12:11:26 INFO  no build target found for C:\Users\marta\Documents\DOBLE GRADO\4º carrera\TFG\WEB\TFG\src\main\java\es\marta\tfg\carescan\security\jwt\UserLoginService.java. Using fallback presentation compiler.
2026.02.02 12:11:26 INFO  no build target found for C:\Users\marta\Documents\DOBLE GRADO\4º carrera\TFG\WEB\TFG\src\main\java\es\marta\tfg\carescan\security\jwt\UserLoginService.java. Using fallback presentation compiler.
2026.02.02 12:11:26 INFO  no build target found for C:\Users\marta\Documents\DOBLE GRADO\4º carrera\TFG\WEB\TFG\src\main\java\es\marta\tfg\carescan\security\CSRFHandlerConfiguration.java. Using fallback presentation compiler.
2026.02.02 12:11:27 INFO  no build target found for C:\Users\marta\Documents\DOBLE GRADO\4º carrera\TFG\WEB\TFG\src\main\java\es\marta\tfg\carescan\security\CSRFHandlerConfiguration.java. Using fallback presentation compiler.
2026.02.02 12:11:26 INFO  no build target found for C:\Users\marta\Documents\DOBLE GRADO\4º carrera\TFG\WEB\TFG\src\main\java\es\marta\tfg\carescan\security\CSRFHandlerConfiguration.java. Using fallback presentation compiler.
2026.02.02 12:11:28 INFO  no build target found for C:\Users\marta\Documents\DOBLE GRADO\4º carrera\TFG\WEB\TFG\src\main\java\es\marta\tfg\carescan\security\CSRFHandlerConfiguration.java. Using fallback presentation compiler.
2026.02.02 12:11:28 INFO  no build target found for C:\Users\marta\Documents\DOBLE GRADO\4º carrera\TFG\WEB\TFG\src\main\java\es\marta\tfg\carescan\security\CustomLogin.java. Using fallback presentation compiler.
2026.02.02 12:11:28 INFO  no build target found for C:\Users\marta\Documents\DOBLE GRADO\4º carrera\TFG\WEB\TFG\src\main\java\es\marta\tfg\carescan\security\CustomLogin.java. Using fallback presentation compiler.
2026.02.02 12:11:28 INFO  no build target found for C:\Users\marta\Documents\DOBLE GRADO\4º carrera\TFG\WEB\TFG\src\main\java\es\marta\tfg\carescan\security\CustomLogin.java. Using fallback presentation compiler.
2026.02.02 12:11:28 INFO  no build target found for C:\Users\marta\Documents\DOBLE GRADO\4º carrera\TFG\WEB\TFG\src\main\java\es\marta\tfg\carescan\security\CustomLogin.java. Using fallback presentation compiler.
2026.02.02 12:11:29 INFO  no build target found for C:\Users\marta\Documents\DOBLE GRADO\4º carrera\TFG\WEB\TFG\src\main\java\es\marta\tfg\carescan\security\CustomLogin.java. Using fallback presentation compiler.
2026.02.02 12:11:29 INFO  no build target found for C:\Users\marta\Documents\DOBLE GRADO\4º carrera\TFG\WEB\TFG\src\main\java\es\marta\tfg\carescan\security\RepositoryUserDetailsService.java. Using fallback presentation compiler.
2026.02.02 12:11:29 INFO  no build target found for C:\Users\marta\Documents\DOBLE GRADO\4º carrera\TFG\WEB\TFG\src\main\java\es\marta\tfg\carescan\security\RepositoryUserDetailsService.java. Using fallback presentation compiler.
2026.02.02 12:11:29 INFO  no build target found for C:\Users\marta\Documents\DOBLE GRADO\4º carrera\TFG\WEB\TFG\src\main\java\es\marta\tfg\carescan\security\RepositoryUserDetailsService.java. Using fallback presentation compiler.
2026.02.02 12:11:29 INFO  no build target found for C:\Users\marta\Documents\DOBLE GRADO\4º carrera\TFG\WEB\TFG\src\main\java\es\marta\tfg\carescan\security\RepositoryUserDetailsService.java. Using fallback presentation compiler.
2026.02.02 12:11:29 INFO  no build target found for C:\Users\marta\Documents\DOBLE GRADO\4º carrera\TFG\WEB\TFG\src\main\java\es\marta\tfg\carescan\security\SecurityConfiguration.java. Using fallback presentation compiler.
2026.02.02 12:11:29 INFO  no build target found for C:\Users\marta\Documents\DOBLE GRADO\4º carrera\TFG\WEB\TFG\src\main\java\es\marta\tfg\carescan\security\SecurityConfiguration.java. Using fallback presentation compiler.
2026.02.02 12:11:30 INFO  no build target found for C:\Users\marta\Documents\DOBLE GRADO\4º carrera\TFG\WEB\TFG\src\main\java\es\marta\tfg\carescan\security\SecurityConfiguration.java. Using fallback presentation compiler.
2026.02.02 12:11:30 INFO  no build target found for C:\Users\marta\Documents\DOBLE GRADO\4º carrera\TFG\WEB\TFG\src\main\java\es\marta\tfg\carescan\security\SecurityConfiguration.java. Using fallback presentation compiler.
2026.02.02 12:11:30 INFO  no build target found for C:\Users\marta\Documents\DOBLE GRADO\4º carrera\TFG\WEB\TFG\src\main\java\es\marta\tfg\carescan\security\StaticResourceConfig.java. Using fallback presentation compiler.
2026.02.02 12:11:31 INFO  no build target found for C:\Users\marta\Documents\DOBLE GRADO\4º carrera\TFG\WEB\TFG\src\main\java\es\marta\tfg\carescan\security\StaticResourceConfig.java. Using fallback presentation compiler.
feb 02, 2026 12:11:31 P. M. org.eclipse.lsp4j.jsonrpc.RemoteEndpoint handleCancellation
WARNING: Unmatched cancel notification for request id 123
2026.02.02 12:11:30 INFO  no build target found for C:\Users\marta\Documents\DOBLE GRADO\4º carrera\TFG\WEB\TFG\src\main\java\es\marta\tfg\carescan\security\StaticResourceConfig.java. Using fallback presentation compiler.
2026.02.02 12:11:31 INFO  no build target found for C:\Users\marta\Documents\DOBLE GRADO\4º carrera\TFG\WEB\TFG\src\main\java\es\marta\tfg\carescan\security\StaticResourceConfig.java. Using fallback presentation compiler.
2026.02.02 12:11:31 INFO  no build target found for C:\Users\marta\Documents\DOBLE GRADO\4º carrera\TFG\WEB\TFG\src\main\java\es\marta\tfg\carescan\security\StaticResourceConfig.java. Using fallback presentation compiler.
2026.02.02 12:11:31 INFO  no build target found for C:\Users\marta\Documents\DOBLE GRADO\4º carrera\TFG\WEB\TFG\src\main\java\es\marta\tfg\carescan\CareScan.java. Using fallback presentation compiler.
2026.02.02 12:11:32 INFO  no build target found for C:\Users\marta\Documents\DOBLE GRADO\4º carrera\TFG\WEB\TFG\src\main\java\es\marta\tfg\carescan\CareScan.java. Using fallback presentation compiler.
2026.02.02 12:11:33 INFO  no build target found for C:\Users\marta\Documents\DOBLE GRADO\4º carrera\TFG\WEB\TFG\src\main\java\es\marta\tfg\carescan\CareScan.java. Using fallback presentation compiler.
2026.02.02 12:11:33 INFO  no build target found for C:\Users\marta\Documents\DOBLE GRADO\4º carrera\TFG\WEB\TFG\src\main\java\es\marta\tfg\carescan\SampleData.java. Using fallback presentation compiler.
2026.02.02 12:11:33 INFO  no build target found for C:\Users\marta\Documents\DOBLE GRADO\4º carrera\TFG\WEB\TFG\src\main\java\es\marta\tfg\carescan\SampleData.java. Using fallback presentation compiler.
2026.02.02 12:11:33 INFO  no build target found for C:\Users\marta\Documents\DOBLE GRADO\4º carrera\TFG\WEB\TFG\src\main\java\es\marta\tfg\carescan\SampleData.java. Using fallback presentation compiler.
2026.02.02 12:11:33 INFO  no build target found for C:\Users\marta\Documents\DOBLE GRADO\4º carrera\TFG\WEB\TFG\src\main\java\es\marta\tfg\carescan\SampleData.java. Using fallback presentation compiler.
2026.02.02 12:12:02 INFO  no build target found for C:\Users\marta\Documents\DOBLE GRADO\4º carrera\TFG\WEB\TFG\src\main\java\es\marta\tfg\carescan\SampleData.java. Using fallback presentation compiler.
2026.02.02 12:12:06 INFO  no build target found for C:\Users\marta\Documents\DOBLE GRADO\4º carrera\TFG\WEB\TFG\src\main\java\es\marta\tfg\carescan\SampleData.java. Using fallback presentation compiler.
2026.02.02 12:12:06 INFO  no build target found for C:\Users\marta\Documents\DOBLE GRADO\4º carrera\TFG\WEB\TFG\src\main\java\es\marta\tfg\carescan\controller\AdminController.java. Using fallback presentation compiler.
2026.02.02 12:12:06 INFO  no build target found for C:\Users\marta\Documents\DOBLE GRADO\4º carrera\TFG\WEB\TFG\src\main\java\es\marta\tfg\carescan\controller\AdminController.java. Using fallback presentation compiler.
2026.02.02 12:12:06 INFO  no build target found for C:\Users\marta\Documents\DOBLE GRADO\4º carrera\TFG\WEB\TFG\src\main\java\es\marta\tfg\carescan\controller\AdminController.java. Using fallback presentation compiler.
2026.02.02 12:12:06 INFO  no build target found for C:\Users\marta\Documents\DOBLE GRADO\4º carrera\TFG\WEB\TFG\src\main\java\es\marta\tfg\carescan\controller\AdminController.java. Using fallback presentation compiler.
2026.02.02 12:12:07 INFO  no build target found for C:\Users\marta\Documents\DOBLE GRADO\4º carrera\TFG\WEB\TFG\src\main\java\es\marta\tfg\carescan\controller\AdminController.java. Using fallback presentation compiler.
2026.02.02 12:12:07 INFO  no build target found for C:\Users\marta\Documents\DOBLE GRADO\4º carrera\TFG\WEB\TFG\src\main\java\es\marta\tfg\carescan\controller\AdminController.java. Using fallback presentation compiler.
2026.02.02 12:12:08 INFO  no build target found for C:\Users\marta\Documents\DOBLE GRADO\4º carrera\TFG\WEB\TFG\src\main\java\es\marta\tfg\carescan\controller\AdminController.java. Using fallback presentation compiler.
2026.02.02 12:12:12 INFO  no build target found for C:\Users\marta\Documents\DOBLE GRADO\4º carrera\TFG\WEB\TFG\src\main\java\es\marta\tfg\carescan\controller\AdminController.java. Using fallback presentation compiler.
2026.02.02 12:12:12 INFO  no build target found for C:\Users\marta\Documents\DOBLE GRADO\4º carrera\TFG\WEB\TFG\src\main\java\es\marta\tfg\carescan\controller\AlgorController.java. Using fallback presentation compiler.
2026.02.02 12:12:13 INFO  no build target found for C:\Users\marta\Documents\DOBLE GRADO\4º carrera\TFG\WEB\TFG\src\main\java\es\marta\tfg\carescan\controller\AlgorController.java. Using fallback presentation compiler.
2026.02.02 12:12:12 INFO  no build target found for C:\Users\marta\Documents\DOBLE GRADO\4º carrera\TFG\WEB\TFG\src\main\java\es\marta\tfg\carescan\controller\AlgorController.java. Using fallback presentation compiler.
2026.02.02 12:12:12 INFO  no build target found for C:\Users\marta\Documents\DOBLE GRADO\4º carrera\TFG\WEB\TFG\src\main\java\es\marta\tfg\carescan\controller\AlgorController.java. Using fallback presentation compiler.
2026.02.02 12:12:13 INFO  no build target found for C:\Users\marta\Documents\DOBLE GRADO\4º carrera\TFG\WEB\TFG\src\main\java\es\marta\tfg\carescan\controller\AlgorController.java. Using fallback presentation compiler.
feb 02, 2026 12:12:14 P. M. org.eclipse.lsp4j.jsonrpc.RemoteEndpoint handleCancellation
WARNING: Unmatched cancel notification for request id 170
2026.02.02 12:12:15 INFO  no build target found for C:\Users\marta\Documents\DOBLE GRADO\4º carrera\TFG\WEB\TFG\src\main\java\es\marta\tfg\carescan\controller\AlgorController.java. Using fallback presentation compiler.
2026.02.02 12:12:20 INFO  no build target found for C:\Users\marta\Documents\DOBLE GRADO\4º carrera\TFG\WEB\TFG\src\main\java\es\marta\tfg\carescan\controller\AlgorController.java. Using fallback presentation compiler.
2026.02.02 12:12:20 INFO  no build target found for C:\Users\marta\Documents\DOBLE GRADO\4º carrera\TFG\WEB\TFG\src\main\java\es\marta\tfg\carescan\controller\GeneralController.java. Using fallback presentation compiler.
2026.02.02 12:12:20 INFO  no build target found for C:\Users\marta\Documents\DOBLE GRADO\4º carrera\TFG\WEB\TFG\src\main\java\es\marta\tfg\carescan\controller\GeneralController.java. Using fallback presentation compiler.
2026.02.02 12:12:20 INFO  no build target found for C:\Users\marta\Documents\DOBLE GRADO\4º carrera\TFG\WEB\TFG\src\main\java\es\marta\tfg\carescan\controller\GeneralController.java. Using fallback presentation compiler.
2026.02.02 12:12:21 INFO  no build target found for C:\Users\marta\Documents\DOBLE GRADO\4º carrera\TFG\WEB\TFG\src\main\java\es\marta\tfg\carescan\controller\GeneralController.java. Using fallback presentation compiler.
2026.02.02 12:12:26 INFO  no build target found for C:\Users\marta\Documents\DOBLE GRADO\4º carrera\TFG\WEB\TFG\src\main\java\es\marta\tfg\carescan\controller\GeneralController.java. Using fallback presentation compiler.
2026.02.02 12:12:26 INFO  no build target found for C:\Users\marta\Documents\DOBLE GRADO\4º carrera\TFG\WEB\TFG\src\main\java\es\marta\tfg\carescan\controller\GeneralController.java. Using fallback presentation compiler.
2026.02.02 12:12:26 INFO  no build target found for C:\Users\marta\Documents\DOBLE GRADO\4º carrera\TFG\WEB\TFG\src\main\java\es\marta\tfg\carescan\DTO\signUp.java. Using fallback presentation compiler.
2026.02.02 12:12:27 INFO  no build target found for C:\Users\marta\Documents\DOBLE GRADO\4º carrera\TFG\WEB\TFG\src\main\java\es\marta\tfg\carescan\DTO\signUp.java. Using fallback presentation compiler.
2026.02.02 12:12:27 INFO  no build target found for C:\Users\marta\Documents\DOBLE GRADO\4º carrera\TFG\WEB\TFG\src\main\java\es\marta\tfg\carescan\DTO\signUp.java. Using fallback presentation compiler.
2026.02.02 12:12:29 INFO  no build target found for C:\Users\marta\Documents\DOBLE GRADO\4º carrera\TFG\WEB\TFG\src\main\java\es\marta\tfg\carescan\DTO\signUp.java. Using fallback presentation compiler.
2026.02.02 12:12:32 INFO  no build target found for C:\Users\marta\Documents\DOBLE GRADO\4º carrera\TFG\WEB\TFG\src\main\java\es\marta\tfg\carescan\DTO\signUp.java. Using fallback presentation compiler.
2026.02.02 12:12:32 INFO  no build target found for C:\Users\marta\Documents\DOBLE GRADO\4º carrera\TFG\WEB\TFG\src\main\java\es\marta\tfg\carescan\DTO\signUp.java. Using fallback presentation compiler.
2026.02.02 12:12:32 INFO  no build target found for C:\Users\marta\Documents\DOBLE GRADO\4º carrera\TFG\WEB\TFG\src\main\java\es\marta\tfg\carescan\model\Consulta.java. Using fallback presentation compiler.
2026.02.02 12:12:33 INFO  no build target found for C:\Users\marta\Documents\DOBLE GRADO\4º carrera\TFG\WEB\TFG\src\main\java\es\marta\tfg\carescan\model\Consulta.java. Using fallback presentation compiler.
2026.02.02 12:12:34 INFO  no build target found for C:\Users\marta\Documents\DOBLE GRADO\4º carrera\TFG\WEB\TFG\src\main\java\es\marta\tfg\carescan\model\Consulta.java. Using fallback presentation compiler.
2026.02.02 12:12:34 INFO  no build target found for C:\Users\marta\Documents\DOBLE GRADO\4º carrera\TFG\WEB\TFG\src\main\java\es\marta\tfg\carescan\model\Consulta.java. Using fallback presentation compiler.
2026.02.02 12:12:34 INFO  no build target found for C:\Users\marta\Documents\DOBLE GRADO\4º carrera\TFG\WEB\TFG\src\main\java\es\marta\tfg\carescan\model\Consulta.java. Using fallback presentation compiler.
2026.02.02 12:12:35 INFO  no build target found for C:\Users\marta\Documents\DOBLE GRADO\4º carrera\TFG\WEB\TFG\src\main\java\es\marta\tfg\carescan\model\Consulta.java. Using fallback presentation compiler.
2026.02.02 12:12:41 INFO  no build target found for C:\Users\marta\Documents\DOBLE GRADO\4º carrera\TFG\WEB\TFG\src\main\java\es\marta\tfg\carescan\model\Consulta.java. Using fallback presentation compiler.
2026.02.02 12:12:41 INFO  no build target found for C:\Users\marta\Documents\DOBLE GRADO\4º carrera\TFG\WEB\TFG\src\main\java\es\marta\tfg\carescan\model\Role.java. Using fallback presentation compiler.
2026.02.02 12:12:41 INFO  no build target found for C:\Users\marta\Documents\DOBLE GRADO\4º carrera\TFG\WEB\TFG\src\main\java\es\marta\tfg\carescan\model\Role.java. Using fallback presentation compiler.
2026.02.02 12:12:42 INFO  no build target found for C:\Users\marta\Documents\DOBLE GRADO\4º carrera\TFG\WEB\TFG\src\main\java\es\marta\tfg\carescan\model\Role.java. Using fallback presentation compiler.
2026.02.02 12:12:46 INFO  no build target found for C:\Users\marta\Documents\DOBLE GRADO\4º carrera\TFG\WEB\TFG\src\main\java\es\marta\tfg\carescan\model\Role.java. Using fallback presentation compiler.
2026.02.02 12:12:46 INFO  no build target found for C:\Users\marta\Documents\DOBLE GRADO\4º carrera\TFG\WEB\TFG\src\main\java\es\marta\tfg\carescan\model\User.java. Using fallback presentation compiler.
2026.02.02 12:12:46 INFO  no build target found for C:\Users\marta\Documents\DOBLE GRADO\4º carrera\TFG\WEB\TFG\src\main\java\es\marta\tfg\carescan\model\User.java. Using fallback presentation compiler.
2026.02.02 12:12:46 INFO  no build target found for C:\Users\marta\Documents\DOBLE GRADO\4º carrera\TFG\WEB\TFG\src\main\java\es\marta\tfg\carescan\model\User.java. Using fallback presentation compiler.
2026.02.02 12:12:46 INFO  no build target found for C:\Users\marta\Documents\DOBLE GRADO\4º carrera\TFG\WEB\TFG\src\main\java\es\marta\tfg\carescan\model\User.java. Using fallback presentation compiler.
feb 02, 2026 12:12:47 P. M. org.eclipse.lsp4j.jsonrpc.RemoteEndpoint handleCancellation
WARNING: Unmatched cancel notification for request id 225
2026.02.02 12:12:47 INFO  no build target found for C:\Users\marta\Documents\DOBLE GRADO\4º carrera\TFG\WEB\TFG\src\main\java\es\marta\tfg\carescan\model\User.java. Using fallback presentation compiler.
2026.02.02 12:12:47 INFO  no build target found for C:\Users\marta\Documents\DOBLE GRADO\4º carrera\TFG\WEB\TFG\src\main\java\es\marta\tfg\carescan\model\User.java. Using fallback presentation compiler.
2026.02.02 12:12:48 INFO  no build target found for C:\Users\marta\Documents\DOBLE GRADO\4º carrera\TFG\WEB\TFG\src\main\java\es\marta\tfg\carescan\model\User.java. Using fallback presentation compiler.
2026.02.02 12:12:53 INFO  no build target found for C:\Users\marta\Documents\DOBLE GRADO\4º carrera\TFG\WEB\TFG\src\main\java\es\marta\tfg\carescan\model\User.java. Using fallback presentation compiler.
2026.02.02 12:12:53 INFO  no build target found for C:\Users\marta\Documents\DOBLE GRADO\4º carrera\TFG\WEB\TFG\src\main\java\es\marta\tfg\carescan\repository\ConsultaRepository.java. Using fallback presentation compiler.
2026.02.02 12:12:53 INFO  no build target found for C:\Users\marta\Documents\DOBLE GRADO\4º carrera\TFG\WEB\TFG\src\main\java\es\marta\tfg\carescan\repository\ConsultaRepository.java. Using fallback presentation compiler.
2026.02.02 12:12:55 INFO  no build target found for C:\Users\marta\Documents\DOBLE GRADO\4º carrera\TFG\WEB\TFG\src\main\java\es\marta\tfg\carescan\repository\ConsultaRepository.java. Using fallback presentation compiler.
2026.02.02 12:12:58 INFO  no build target found for C:\Users\marta\Documents\DOBLE GRADO\4º carrera\TFG\WEB\TFG\src\main\java\es\marta\tfg\carescan\repository\ConsultaRepository.java. Using fallback presentation compiler.
2026.02.02 12:12:58 INFO  no build target found for C:\Users\marta\Documents\DOBLE GRADO\4º carrera\TFG\WEB\TFG\src\main\java\es\marta\tfg\carescan\repository\UserRepository.java. Using fallback presentation compiler.
2026.02.02 12:12:58 INFO  no build target found for C:\Users\marta\Documents\DOBLE GRADO\4º carrera\TFG\WEB\TFG\src\main\java\es\marta\tfg\carescan\repository\UserRepository.java. Using fallback presentation compiler.
2026.02.02 12:13:00 INFO  no build target found for C:\Users\marta\Documents\DOBLE GRADO\4º carrera\TFG\WEB\TFG\src\main\java\es\marta\tfg\carescan\repository\UserRepository.java. Using fallback presentation compiler.
2026.02.02 12:13:04 INFO  no build target found for C:\Users\marta\Documents\DOBLE GRADO\4º carrera\TFG\WEB\TFG\src\main\java\es\marta\tfg\carescan\repository\UserRepository.java. Using fallback presentation compiler.
2026.02.02 12:13:04 INFO  no build target found for C:\Users\marta\Documents\DOBLE GRADO\4º carrera\TFG\WEB\TFG\src\main\java\es\marta\tfg\carescan\security\jwt\AuthResponse.java. Using fallback presentation compiler.
2026.02.02 12:13:04 INFO  no build target found for C:\Users\marta\Documents\DOBLE GRADO\4º carrera\TFG\WEB\TFG\src\main\java\es\marta\tfg\carescan\security\jwt\AuthResponse.java. Using fallback presentation compiler.
2026.02.02 12:13:04 INFO  no build target found for C:\Users\marta\Documents\DOBLE GRADO\4º carrera\TFG\WEB\TFG\src\main\java\es\marta\tfg\carescan\security\jwt\AuthResponse.java. Using fallback presentation compiler.
2026.02.02 12:13:06 INFO  no build target found for C:\Users\marta\Documents\DOBLE GRADO\4º carrera\TFG\WEB\TFG\src\main\java\es\marta\tfg\carescan\security\jwt\AuthResponse.java. Using fallback presentation compiler.
2026.02.02 12:13:09 INFO  no build target found for C:\Users\marta\Documents\DOBLE GRADO\4º carrera\TFG\WEB\TFG\src\main\java\es\marta\tfg\carescan\security\jwt\AuthResponse.java. Using fallback presentation compiler.
2026.02.02 12:13:09 INFO  no build target found for C:\Users\marta\Documents\DOBLE GRADO\4º carrera\TFG\WEB\TFG\src\main\java\es\marta\tfg\carescan\security\jwt\JwtRequestFilter.java. Using fallback presentation compiler.
2026.02.02 12:13:09 INFO  no build target found for C:\Users\marta\Documents\DOBLE GRADO\4º carrera\TFG\WEB\TFG\src\main\java\es\marta\tfg\carescan\security\jwt\JwtRequestFilter.java. Using fallback presentation compiler.
2026.02.02 12:13:09 INFO  no build target found for C:\Users\marta\Documents\DOBLE GRADO\4º carrera\TFG\WEB\TFG\src\main\java\es\marta\tfg\carescan\security\jwt\JwtRequestFilter.java. Using fallback presentation compiler.
2026.02.02 12:13:09 INFO  no build target found for C:\Users\marta\Documents\DOBLE GRADO\4º carrera\TFG\WEB\TFG\src\main\java\es\marta\tfg\carescan\security\jwt\JwtRequestFilter.java. Using fallback presentation compiler.
2026.02.02 12:13:09 INFO  no build target found for C:\Users\marta\Documents\DOBLE GRADO\4º carrera\TFG\WEB\TFG\src\main\java\es\marta\tfg\carescan\security\jwt\JwtRequestFilter.java. Using fallback presentation compiler.
2026.02.02 12:13:10 INFO  no build target found for C:\Users\marta\Documents\DOBLE GRADO\4º carrera\TFG\WEB\TFG\src\main\java\es\marta\tfg\carescan\security\jwt\JwtRequestFilter.java. Using fallback presentation compiler.
2026.02.02 12:13:14 INFO  no build target found for C:\Users\marta\Documents\DOBLE GRADO\4º carrera\TFG\WEB\TFG\src\main\java\es\marta\tfg\carescan\security\jwt\JwtRequestFilter.java. Using fallback presentation compiler.
2026.02.02 12:13:14 INFO  no build target found for C:\Users\marta\Documents\DOBLE GRADO\4º carrera\TFG\WEB\TFG\src\main\java\es\marta\tfg\carescan\security\jwt\JwtTokenProvider.java. Using fallback presentation compiler.
2026.02.02 12:13:14 INFO  no build target found for C:\Users\marta\Documents\DOBLE GRADO\4º carrera\TFG\WEB\TFG\src\main\java\es\marta\tfg\carescan\security\jwt\JwtTokenProvider.java. Using fallback presentation compiler.
2026.02.02 12:13:14 INFO  no build target found for C:\Users\marta\Documents\DOBLE GRADO\4º carrera\TFG\WEB\TFG\src\main\java\es\marta\tfg\carescan\security\jwt\JwtTokenProvider.java. Using fallback presentation compiler.
2026.02.02 12:13:16 INFO  no build target found for C:\Users\marta\Documents\DOBLE GRADO\4º carrera\TFG\WEB\TFG\src\main\java\es\marta\tfg\carescan\security\jwt\JwtTokenProvider.java. Using fallback presentation compiler.
2026.02.02 12:13:19 INFO  no build target found for C:\Users\marta\Documents\DOBLE GRADO\4º carrera\TFG\WEB\TFG\src\main\java\es\marta\tfg\carescan\security\jwt\JwtTokenProvider.java. Using fallback presentation compiler.
2026.02.02 12:13:19 INFO  no build target found for C:\Users\marta\Documents\DOBLE GRADO\4º carrera\TFG\WEB\TFG\src\main\java\es\marta\tfg\carescan\security\jwt\LoginRequest.java. Using fallback presentation compiler.
2026.02.02 12:13:19 INFO  no build target found for C:\Users\marta\Documents\DOBLE GRADO\4º carrera\TFG\WEB\TFG\src\main\java\es\marta\tfg\carescan\security\jwt\LoginRequest.java. Using fallback presentation compiler.
2026.02.02 12:13:19 INFO  no build target found for C:\Users\marta\Documents\DOBLE GRADO\4º carrera\TFG\WEB\TFG\src\main\java\es\marta\tfg\carescan\security\jwt\LoginRequest.java. Using fallback presentation compiler.
2026.02.02 12:13:21 INFO  no build target found for C:\Users\marta\Documents\DOBLE GRADO\4º carrera\TFG\WEB\TFG\src\main\java\es\marta\tfg\carescan\security\jwt\LoginRequest.java. Using fallback presentation compiler.
2026.02.02 12:13:24 INFO  no build target found for C:\Users\marta\Documents\DOBLE GRADO\4º carrera\TFG\WEB\TFG\src\main\java\es\marta\tfg\carescan\security\jwt\LoginRequest.java. Using fallback presentation compiler.
2026.02.02 12:13:24 INFO  no build target found for C:\Users\marta\Documents\DOBLE GRADO\4º carrera\TFG\WEB\TFG\src\main\java\es\marta\tfg\carescan\security\jwt\TokenType.java. Using fallback presentation compiler.
2026.02.02 12:13:24 INFO  no build target found for C:\Users\marta\Documents\DOBLE GRADO\4º carrera\TFG\WEB\TFG\src\main\java\es\marta\tfg\carescan\security\jwt\TokenType.java. Using fallback presentation compiler.
2026.02.02 12:13:24 INFO  no build target found for C:\Users\marta\Documents\DOBLE GRADO\4º carrera\TFG\WEB\TFG\src\main\java\es\marta\tfg\carescan\security\jwt\TokenType.java. Using fallback presentation compiler.
2026.02.02 12:13:24 INFO  no build target found for C:\Users\marta\Documents\DOBLE GRADO\4º carrera\TFG\WEB\TFG\src\main\java\es\marta\tfg\carescan\security\jwt\TokenType.java. Using fallback presentation compiler.
2026.02.02 12:13:24 INFO  no build target found for C:\Users\marta\Documents\DOBLE GRADO\4º carrera\TFG\WEB\TFG\src\main\java\es\marta\tfg\carescan\security\jwt\TokenType.java. Using fallback presentation compiler.
2026.02.02 12:13:25 WARN  Running javac-semanticdb failed for file:///C:/Users/marta/Documents/DOBLE%20GRADO/4º%20carrera/TFG/WEB/TFG/src/main/java/es/marta/tfg/carescan/security/jwt/TokenType.java. Output:

2026.02.02 12:13:25 INFO  no build target found for C:\Users\marta\Documents\DOBLE GRADO\4º carrera\TFG\WEB\TFG\src\main\java\es\marta\tfg\carescan\security\jwt\TokenType.java. Using fallback presentation compiler.
2026.02.02 12:13:26 INFO  no build target found for C:\Users\marta\Documents\DOBLE GRADO\4º carrera\TFG\WEB\TFG\src\main\java\es\marta\tfg\carescan\security\jwt\TokenType.java. Using fallback presentation compiler.
2026.02.02 12:13:25 INFO  no build target found for C:\Users\marta\Documents\DOBLE GRADO\4º carrera\TFG\WEB\TFG\src\main\java\es\marta\tfg\carescan\security\jwt\TokenType.java. Using fallback presentation compiler.
2026.02.02 12:13:30 INFO  no build target found for C:\Users\marta\Documents\DOBLE GRADO\4º carrera\TFG\WEB\TFG\src\main\java\es\marta\tfg\carescan\security\jwt\TokenType.java. Using fallback presentation compiler.
2026.02.02 12:13:30 INFO  no build target found for C:\Users\marta\Documents\DOBLE GRADO\4º carrera\TFG\WEB\TFG\src\main\java\es\marta\tfg\carescan\security\jwt\UnauthorizedHandlerJwt.java. Using fallback presentation compiler.
2026.02.02 12:13:30 INFO  no build target found for C:\Users\marta\Documents\DOBLE GRADO\4º carrera\TFG\WEB\TFG\src\main\java\es\marta\tfg\carescan\security\jwt\UnauthorizedHandlerJwt.java. Using fallback presentation compiler.
2026.02.02 12:13:30 INFO  no build target found for C:\Users\marta\Documents\DOBLE GRADO\4º carrera\TFG\WEB\TFG\src\main\java\es\marta\tfg\carescan\security\jwt\UnauthorizedHandlerJwt.java. Using fallback presentation compiler.
2026.02.02 12:13:31 INFO  no build target found for C:\Users\marta\Documents\DOBLE GRADO\4º carrera\TFG\WEB\TFG\src\main\java\es\marta\tfg\carescan\security\jwt\UnauthorizedHandlerJwt.java. Using fallback presentation compiler.
2026.02.02 12:13:33 INFO  no build target found for C:\Users\marta\Documents\DOBLE GRADO\4º carrera\TFG\WEB\TFG\src\main\java\es\marta\tfg\carescan\security\jwt\UnauthorizedHandlerJwt.java. Using fallback presentation compiler.
2026.02.02 12:13:33 INFO  no build target found for C:\Users\marta\Documents\DOBLE GRADO\4º carrera\TFG\WEB\TFG\src\main\java\es\marta\tfg\carescan\security\jwt\UnauthorizedHandlerJwt.java. Using fallback presentation compiler.
2026.02.02 12:13:34 INFO  no build target found for C:\Users\marta\Documents\DOBLE GRADO\4º carrera\TFG\WEB\TFG\src\main\java\es\marta\tfg\carescan\security\jwt\UnauthorizedHandlerJwt.java. Using fallback presentation compiler.
2026.02.02 12:13:37 INFO  no build target found for C:\Users\marta\Documents\DOBLE GRADO\4º carrera\TFG\WEB\TFG\src\main\java\es\marta\tfg\carescan\security\jwt\UnauthorizedHandlerJwt.java. Using fallback presentation compiler.
feb 02, 2026 12:13:38 P. M. org.eclipse.lsp4j.jsonrpc.RemoteEndpoint handleCancellation
WARNING: Unmatched cancel notification for request id 316
2026.02.02 12:13:37 INFO  no build target found for C:\Users\marta\Documents\DOBLE GRADO\4º carrera\TFG\WEB\TFG\src\main\java\es\marta\tfg\carescan\security\jwt\UnauthorizedHandlerJwt.java. Using fallback presentation compiler.
2026.02.02 12:13:41 INFO  no build target found for C:\Users\marta\Documents\DOBLE GRADO\4º carrera\TFG\WEB\TFG\src\main\java\es\marta\tfg\carescan\security\jwt\UnauthorizedHandlerJwt.java. Using fallback presentation compiler.
2026.02.02 12:13:41 INFO  no build target found for C:\Users\marta\Documents\DOBLE GRADO\4º carrera\TFG\WEB\TFG\src\main\java\es\marta\tfg\carescan\security\jwt\UserLoginService.java. Using fallback presentation compiler.
2026.02.02 12:13:41 INFO  no build target found for C:\Users\marta\Documents\DOBLE GRADO\4º carrera\TFG\WEB\TFG\src\main\java\es\marta\tfg\carescan\security\jwt\UserLoginService.java. Using fallback presentation compiler.
2026.02.02 12:13:41 INFO  no build target found for C:\Users\marta\Documents\DOBLE GRADO\4º carrera\TFG\WEB\TFG\src\main\java\es\marta\tfg\carescan\security\jwt\UserLoginService.java. Using fallback presentation compiler.
2026.02.02 12:13:41 INFO  no build target found for C:\Users\marta\Documents\DOBLE GRADO\4º carrera\TFG\WEB\TFG\src\main\java\es\marta\tfg\carescan\security\jwt\UserLoginService.java. Using fallback presentation compiler.
feb 02, 2026 12:13:41 P. M. org.eclipse.lsp4j.jsonrpc.RemoteEndpoint handleCancellation
WARNING: Unmatched cancel notification for request id 326
2026.02.02 12:13:41 INFO  no build target found for C:\Users\marta\Documents\DOBLE GRADO\4º carrera\TFG\WEB\TFG\src\main\java\es\marta\tfg\carescan\security\jwt\UserLoginService.java. Using fallback presentation compiler.
2026.02.02 12:13:41 INFO  no build target found for C:\Users\marta\Documents\DOBLE GRADO\4º carrera\TFG\WEB\TFG\src\main\java\es\marta\tfg\carescan\security\jwt\UserLoginService.java. Using fallback presentation compiler.
2026.02.02 12:13:42 WARN  Running javac-semanticdb failed for file:///C:/Users/marta/Documents/DOBLE%20GRADO/4º%20carrera/TFG/WEB/TFG/src/main/java/es/marta/tfg/carescan/security/jwt/UserLoginService.java. Output:

2026.02.02 12:13:42 INFO  no build target found for C:\Users\marta\Documents\DOBLE GRADO\4º carrera\TFG\WEB\TFG\src\main\java\es\marta\tfg\carescan\security\jwt\UserLoginService.java. Using fallback presentation compiler.
2026.02.02 12:13:42 INFO  no build target found for C:\Users\marta\Documents\DOBLE GRADO\4º carrera\TFG\WEB\TFG\src\main\java\es\marta\tfg\carescan\security\jwt\UserLoginService.java. Using fallback presentation compiler.
2026.02.02 12:13:42 INFO  no build target found for C:\Users\marta\Documents\DOBLE GRADO\4º carrera\TFG\WEB\TFG\src\main\java\es\marta\tfg\carescan\security\jwt\UserLoginService.java. Using fallback presentation compiler.
2026.02.02 12:13:42 INFO  no build target found for C:\Users\marta\Documents\DOBLE GRADO\4º carrera\TFG\WEB\TFG\src\main\java\es\marta\tfg\carescan\security\jwt\UserLoginService.java. Using fallback presentation compiler.
2026.02.02 12:13:46 INFO  no build target found for C:\Users\marta\Documents\DOBLE GRADO\4º carrera\TFG\WEB\TFG\src\main\java\es\marta\tfg\carescan\security\jwt\UserLoginService.java. Using fallback presentation compiler.
2026.02.02 12:13:46 INFO  no build target found for C:\Users\marta\Documents\DOBLE GRADO\4º carrera\TFG\WEB\TFG\src\main\java\es\marta\tfg\carescan\security\CSRFHandlerConfiguration.java. Using fallback presentation compiler.
2026.02.02 12:13:46 INFO  no build target found for C:\Users\marta\Documents\DOBLE GRADO\4º carrera\TFG\WEB\TFG\src\main\java\es\marta\tfg\carescan\security\CSRFHandlerConfiguration.java. Using fallback presentation compiler.
2026.02.02 12:13:46 INFO  no build target found for C:\Users\marta\Documents\DOBLE GRADO\4º carrera\TFG\WEB\TFG\src\main\java\es\marta\tfg\carescan\security\CSRFHandlerConfiguration.java. Using fallback presentation compiler.
2026.02.02 12:13:46 INFO  no build target found for C:\Users\marta\Documents\DOBLE GRADO\4º carrera\TFG\WEB\TFG\src\main\java\es\marta\tfg\carescan\security\CSRFHandlerConfiguration.java. Using fallback presentation compiler.
2026.02.02 12:13:48 INFO  no build target found for C:\Users\marta\Documents\DOBLE GRADO\4º carrera\TFG\WEB\TFG\src\main\java\es\marta\tfg\carescan\security\CSRFHandlerConfiguration.java. Using fallback presentation compiler.
2026.02.02 12:13:52 INFO  no build target found for C:\Users\marta\Documents\DOBLE GRADO\4º carrera\TFG\WEB\TFG\src\main\java\es\marta\tfg\carescan\security\CSRFHandlerConfiguration.java. Using fallback presentation compiler.
2026.02.02 12:13:52 INFO  no build target found for C:\Users\marta\Documents\DOBLE GRADO\4º carrera\TFG\WEB\TFG\src\main\java\es\marta\tfg\carescan\security\CustomLogin.java. Using fallback presentation compiler.
2026.02.02 12:13:52 INFO  no build target found for C:\Users\marta\Documents\DOBLE GRADO\4º carrera\TFG\WEB\TFG\src\main\java\es\marta\tfg\carescan\security\CustomLogin.java. Using fallback presentation compiler.
2026.02.02 12:13:52 INFO  no build target found for C:\Users\marta\Documents\DOBLE GRADO\4º carrera\TFG\WEB\TFG\src\main\java\es\marta\tfg\carescan\security\CustomLogin.java. Using fallback presentation compiler.
2026.02.02 12:13:52 INFO  no build target found for C:\Users\marta\Documents\DOBLE GRADO\4º carrera\TFG\WEB\TFG\src\main\java\es\marta\tfg\carescan\security\CustomLogin.java. Using fallback presentation compiler.
2026.02.02 12:13:52 INFO  no build target found for C:\Users\marta\Documents\DOBLE GRADO\4º carrera\TFG\WEB\TFG\src\main\java\es\marta\tfg\carescan\security\CustomLogin.java. Using fallback presentation compiler.
2026.02.02 12:13:53 INFO  no build target found for C:\Users\marta\Documents\DOBLE GRADO\4º carrera\TFG\WEB\TFG\src\main\java\es\marta\tfg\carescan\security\CustomLogin.java. Using fallback presentation compiler.
2026.02.02 12:13:57 INFO  no build target found for C:\Users\marta\Documents\DOBLE GRADO\4º carrera\TFG\WEB\TFG\src\main\java\es\marta\tfg\carescan\security\CustomLogin.java. Using fallback presentation compiler.
2026.02.02 12:13:57 INFO  no build target found for C:\Users\marta\Documents\DOBLE GRADO\4º carrera\TFG\WEB\TFG\src\main\java\es\marta\tfg\carescan\security\RepositoryUserDetailsService.java. Using fallback presentation compiler.
2026.02.02 12:13:57 INFO  no build target found for C:\Users\marta\Documents\DOBLE GRADO\4º carrera\TFG\WEB\TFG\src\main\java\es\marta\tfg\carescan\security\RepositoryUserDetailsService.java. Using fallback presentation compiler.
2026.02.02 12:13:57 INFO  no build target found for C:\Users\marta\Documents\DOBLE GRADO\4º carrera\TFG\WEB\TFG\src\main\java\es\marta\tfg\carescan\security\RepositoryUserDetailsService.java. Using fallback presentation compiler.
2026.02.02 12:13:58 INFO  no build target found for C:\Users\marta\Documents\DOBLE GRADO\4º carrera\TFG\WEB\TFG\src\main\java\es\marta\tfg\carescan\security\RepositoryUserDetailsService.java. Using fallback presentation compiler.
2026.02.02 12:13:58 INFO  no build target found for C:\Users\marta\Documents\DOBLE GRADO\4º carrera\TFG\WEB\TFG\src\main\java\es\marta\tfg\carescan\security\RepositoryUserDetailsService.java. Using fallback presentation compiler.
2026.02.02 12:13:58 INFO  no build target found for C:\Users\marta\Documents\DOBLE GRADO\4º carrera\TFG\WEB\TFG\src\main\java\es\marta\tfg\carescan\security\RepositoryUserDetailsService.java. Using fallback presentation compiler.
2026.02.02 12:13:58 INFO  no build target found for C:\Users\marta\Documents\DOBLE GRADO\4º carrera\TFG\WEB\TFG\src\main\java\es\marta\tfg\carescan\security\RepositoryUserDetailsService.java. Using fallback presentation compiler.
2026.02.02 12:13:59 INFO  no build target found for C:\Users\marta\Documents\DOBLE GRADO\4º carrera\TFG\WEB\TFG\src\main\java\es\marta\tfg\carescan\security\RepositoryUserDetailsService.java. Using fallback presentation compiler.
2026.02.02 12:13:58 INFO  no build target found for C:\Users\marta\Documents\DOBLE GRADO\4º carrera\TFG\WEB\TFG\src\main\java\es\marta\tfg\carescan\security\RepositoryUserDetailsService.java. Using fallback presentation compiler.
2026.02.02 12:13:59 WARN  no build target for: C:\Users\marta\Documents\DOBLE GRADO\4º carrera\TFG\WEB\TFG\src\main\java\es\marta\tfg\carescan\security\RepositoryUserDetailsService.java
2026.02.02 12:13:59 WARN  Running javac-semanticdb failed for file:///C:/Users/marta/Documents/DOBLE%20GRADO/4º%20carrera/TFG/WEB/TFG/src/main/java/es/marta/tfg/carescan/security/RepositoryUserDetailsService.java. Output:

2026.02.02 12:13:59 INFO  no build target found for C:\Users\marta\Documents\DOBLE GRADO\4º carrera\TFG\WEB\TFG\src\main\java\es\marta\tfg\carescan\security\RepositoryUserDetailsService.java. Using fallback presentation compiler.
2026.02.02 12:13:59 INFO  Created report: Optional[file:///C:/Users/marta/Documents/DOBLE%20GRADO/4º%20carrera/TFG/WEB/TFG/src/main/java/es/marta/tfg/carescan/security/RepositoryUserDetailsService.java]
2026.02.02 12:13:59 INFO  QDox parse error in file:///C:/Users/marta/Documents/DOBLE%20GRADO/4º%20carrera/TFG/WEB/TFG/src/main/java/es/marta/tfg/carescan/security/RepositoryUserDetailsService.java (full report at: "C:\Users\marta\Documents\DOBLE GRADO\4º carrera\TFG\WEB\TFG\.metals\.reports\metals-full\2026-02-02\r_qdox-error_12-13-59-952.md")
2026.02.02 12:14:00 INFO  no build target found for C:\Users\marta\Documents\DOBLE GRADO\4º carrera\TFG\WEB\TFG\src\main\java\es\marta\tfg\carescan\security\RepositoryUserDetailsService.java. Using fallback presentation compiler.
2026.02.02 12:14:00 INFO  no build target found for C:\Users\marta\Documents\DOBLE GRADO\4º carrera\TFG\WEB\TFG\src\main\java\es\marta\tfg\carescan\security\RepositoryUserDetailsService.java. Using fallback presentation compiler.
2026.02.02 12:14:00 INFO  no build target found for C:\Users\marta\Documents\DOBLE GRADO\4º carrera\TFG\WEB\TFG\src\main\java\es\marta\tfg\carescan\security\RepositoryUserDetailsService.java. Using fallback presentation compiler.
2026.02.02 12:14:00 INFO  no build target found for C:\Users\marta\Documents\DOBLE GRADO\4º carrera\TFG\WEB\TFG\src\main\java\es\marta\tfg\carescan\security\RepositoryUserDetailsService.java. Using fallback presentation compiler.
2026.02.02 12:14:01 WARN  no build target for: C:\Users\marta\Documents\DOBLE GRADO\4º carrera\TFG\WEB\TFG\src\main\java\es\marta\tfg\carescan\security\RepositoryUserDetailsService.java
2026.02.02 12:14:01 INFO  no build target found for C:\Users\marta\Documents\DOBLE GRADO\4º carrera\TFG\WEB\TFG\src\main\java\es\marta\tfg\carescan\security\RepositoryUserDetailsService.java. Using fallback presentation compiler.
2026.02.02 12:14:01 WARN  Running javac-semanticdb failed for file:///C:/Users/marta/Documents/DOBLE%20GRADO/4º%20carrera/TFG/WEB/TFG/src/main/java/es/marta/tfg/carescan/security/RepositoryUserDetailsService.java. Output:

2026.02.02 12:14:02 INFO  no build target found for C:\Users\marta\Documents\DOBLE GRADO\4º carrera\TFG\WEB\TFG\src\main\java\es\marta\tfg\carescan\security\RepositoryUserDetailsService.java. Using fallback presentation compiler.
2026.02.02 12:14:03 INFO  no build target found for C:\Users\marta\Documents\DOBLE GRADO\4º carrera\TFG\WEB\TFG\src\main\java\es\marta\tfg\carescan\security\RepositoryUserDetailsService.java. Using fallback presentation compiler.
2026.02.02 12:14:03 INFO  no build target found for C:\Users\marta\Documents\DOBLE GRADO\4º carrera\TFG\WEB\TFG\src\main\java\es\marta\tfg\carescan\security\RepositoryUserDetailsService.java. Using fallback presentation compiler.
2026.02.02 12:14:07 INFO  no build target found for C:\Users\marta\Documents\DOBLE GRADO\4º carrera\TFG\WEB\TFG\src\main\java\es\marta\tfg\carescan\security\SecurityConfiguration.java. Using fallback presentation compiler.
2026.02.02 12:14:07 INFO  no build target found for C:\Users\marta\Documents\DOBLE GRADO\4º carrera\TFG\WEB\TFG\src\main\java\es\marta\tfg\carescan\security\SecurityConfiguration.java. Using fallback presentation compiler.
2026.02.02 12:14:07 INFO  no build target found for C:\Users\marta\Documents\DOBLE GRADO\4º carrera\TFG\WEB\TFG\src\main\java\es\marta\tfg\carescan\security\SecurityConfiguration.java. Using fallback presentation compiler.
2026.02.02 12:14:07 INFO  no build target found for C:\Users\marta\Documents\DOBLE GRADO\4º carrera\TFG\WEB\TFG\src\main\java\es\marta\tfg\carescan\security\SecurityConfiguration.java. Using fallback presentation compiler.
2026.02.02 12:14:07 INFO  no build target found for C:\Users\marta\Documents\DOBLE GRADO\4º carrera\TFG\WEB\TFG\src\main\java\es\marta\tfg\carescan\security\SecurityConfiguration.java. Using fallback presentation compiler.
2026.02.02 12:14:08 WARN  Running javac-semanticdb failed for file:///C:/Users/marta/Documents/DOBLE%20GRADO/4º%20carrera/TFG/WEB/TFG/src/main/java/es/marta/tfg/carescan/security/SecurityConfiguration.java. Output:

2026.02.02 12:14:08 INFO  no build target found for C:\Users\marta\Documents\DOBLE GRADO\4º carrera\TFG\WEB\TFG\src\main\java\es\marta\tfg\carescan\security\SecurityConfiguration.java. Using fallback presentation compiler.
2026.02.02 12:14:08 INFO  no build target found for C:\Users\marta\Documents\DOBLE GRADO\4º carrera\TFG\WEB\TFG\src\main\java\es\marta\tfg\carescan\security\SecurityConfiguration.java. Using fallback presentation compiler.
feb 02, 2026 12:14:08 P. M. org.eclipse.lsp4j.jsonrpc.RemoteEndpoint handleCancellation
WARNING: Unmatched cancel notification for request id 400
2026.02.02 12:14:08 INFO  no build target found for C:\Users\marta\Documents\DOBLE GRADO\4º carrera\TFG\WEB\TFG\src\main\java\es\marta\tfg\carescan\security\SecurityConfiguration.java. Using fallback presentation compiler.
2026.02.02 12:14:13 INFO  no build target found for C:\Users\marta\Documents\DOBLE GRADO\4º carrera\TFG\WEB\TFG\src\main\java\es\marta\tfg\carescan\security\SecurityConfiguration.java. Using fallback presentation compiler.
2026.02.02 12:14:13 INFO  no build target found for C:\Users\marta\Documents\DOBLE GRADO\4º carrera\TFG\WEB\TFG\src\main\java\es\marta\tfg\carescan\security\StaticResourceConfig.java. Using fallback presentation compiler.
2026.02.02 12:14:13 INFO  no build target found for C:\Users\marta\Documents\DOBLE GRADO\4º carrera\TFG\WEB\TFG\src\main\java\es\marta\tfg\carescan\security\StaticResourceConfig.java. Using fallback presentation compiler.
2026.02.02 12:14:13 INFO  no build target found for C:\Users\marta\Documents\DOBLE GRADO\4º carrera\TFG\WEB\TFG\src\main\java\es\marta\tfg\carescan\security\StaticResourceConfig.java. Using fallback presentation compiler.
2026.02.02 12:14:15 INFO  no build target found for C:\Users\marta\Documents\DOBLE GRADO\4º carrera\TFG\WEB\TFG\src\main\java\es\marta\tfg\carescan\security\StaticResourceConfig.java. Using fallback presentation compiler.
2026.02.02 12:14:22 INFO  no build target found for C:\Users\marta\Documents\DOBLE GRADO\4º carrera\TFG\WEB\TFG\src\main\java\es\marta\tfg\carescan\security\StaticResourceConfig.java. Using fallback presentation compiler.
2026.02.02 12:14:22 INFO  no build target found for C:\Users\marta\Documents\DOBLE GRADO\4º carrera\TFG\WEB\TFG\src\main\java\es\marta\tfg\carescan\service\userService.java. Using fallback presentation compiler.
2026.02.02 12:14:22 INFO  no build target found for C:\Users\marta\Documents\DOBLE GRADO\4º carrera\TFG\WEB\TFG\src\main\java\es\marta\tfg\carescan\service\userService.java. Using fallback presentation compiler.
2026.02.02 12:14:22 INFO  no build target found for C:\Users\marta\Documents\DOBLE GRADO\4º carrera\TFG\WEB\TFG\src\main\java\es\marta\tfg\carescan\service\userService.java. Using fallback presentation compiler.
2026.02.02 12:14:22 INFO  no build target found for C:\Users\marta\Documents\DOBLE GRADO\4º carrera\TFG\WEB\TFG\src\main\java\es\marta\tfg\carescan\service\userService.java. Using fallback presentation compiler.
2026.02.02 12:14:24 INFO  no build target found for C:\Users\marta\Documents\DOBLE GRADO\4º carrera\TFG\WEB\TFG\src\main\java\es\marta\tfg\carescan\service\userService.java. Using fallback presentation compiler.
2026.02.02 12:14:27 INFO  no build target found for C:\Users\marta\Documents\DOBLE GRADO\4º carrera\TFG\WEB\TFG\src\main\java\es\marta\tfg\carescan\service\userService.java. Using fallback presentation compiler.
2026.02.02 12:14:27 INFO  no build target found for C:\Users\marta\Documents\DOBLE GRADO\4º carrera\TFG\WEB\TFG\src\main\java\es\marta\tfg\carescan\CareScan.java. Using fallback presentation compiler.
2026.02.02 12:14:27 INFO  no build target found for C:\Users\marta\Documents\DOBLE GRADO\4º carrera\TFG\WEB\TFG\src\main\java\es\marta\tfg\carescan\CareScan.java. Using fallback presentation compiler.
2026.02.02 12:14:27 INFO  no build target found for C:\Users\marta\Documents\DOBLE GRADO\4º carrera\TFG\WEB\TFG\src\main\java\es\marta\tfg\carescan\CareScan.java. Using fallback presentation compiler.
2026.02.02 12:14:29 INFO  no build target found for C:\Users\marta\Documents\DOBLE GRADO\4º carrera\TFG\WEB\TFG\src\main\java\es\marta\tfg\carescan\CareScan.java. Using fallback presentation compiler.
2026.02.02 12:14:34 INFO  no build target found for C:\Users\marta\Documents\DOBLE GRADO\4º carrera\TFG\WEB\TFG\src\main\java\es\marta\tfg\carescan\CareScan.java. Using fallback presentation compiler.
2026.02.02 12:14:34 INFO  no build target found for C:\Users\marta\Documents\DOBLE GRADO\4º carrera\TFG\WEB\TFG\src\main\java\es\marta\tfg\carescan\SampleData.java. Using fallback presentation compiler.
2026.02.02 12:14:34 INFO  no build target found for C:\Users\marta\Documents\DOBLE GRADO\4º carrera\TFG\WEB\TFG\src\main\java\es\marta\tfg\carescan\SampleData.java. Using fallback presentation compiler.
2026.02.02 12:14:34 INFO  no build target found for C:\Users\marta\Documents\DOBLE GRADO\4º carrera\TFG\WEB\TFG\src\main\java\es\marta\tfg\carescan\SampleData.java. Using fallback presentation compiler.
2026.02.02 12:14:35 INFO  no build target found for C:\Users\marta\Documents\DOBLE GRADO\4º carrera\TFG\WEB\TFG\src\main\java\es\marta\tfg\carescan\SampleData.java. Using fallback presentation compiler.
2026.02.02 12:14:43 INFO  no build target found for C:\Users\marta\Documents\DOBLE GRADO\4º carrera\TFG\WEB\TFG\src\main\java\es\marta\tfg\carescan\SampleData.java. Using fallback presentation compiler.
2026.02.02 12:17:49 INFO  no build target found for C:\Users\marta\Documents\DOBLE GRADO\4º carrera\TFG\WEB\TFG\src\main\java\es\marta\tfg\carescan\SampleData.java. Using fallback presentation compiler.
2026.02.02 12:27:31 INFO  no build target found for C:\Users\marta\Documents\DOBLE GRADO\4º carrera\TFG\WEB\TFG\src\main\java\es\marta\tfg\carescan\model\Role.java. Using fallback presentation compiler.
2026.02.02 12:27:32 INFO  no build target found for C:\Users\marta\Documents\DOBLE GRADO\4º carrera\TFG\WEB\TFG\src\main\java\es\marta\tfg\carescan\model\Role.java. Using fallback presentation compiler.
2026.02.02 12:27:31 INFO  no build target found for C:\Users\marta\Documents\DOBLE GRADO\4º carrera\TFG\WEB\TFG\src\main\java\es\marta\tfg\carescan\model\Role.java. Using fallback presentation compiler.
2026.02.02 12:27:31 INFO  no build target found for C:\Users\marta\Documents\DOBLE GRADO\4º carrera\TFG\WEB\TFG\src\main\java\es\marta\tfg\carescan\model\Role.java. Using fallback presentation compiler.
2026.02.02 12:27:49 INFO  no build target found for C:\Users\marta\Documents\DOBLE GRADO\4º carrera\TFG\WEB\TFG\src\main\java\es\marta\tfg\carescan\model\Role.java. Using fallback presentation compiler.
2026.02.02 12:27:49 INFO  no build target found for C:\Users\marta\Documents\DOBLE GRADO\4º carrera\TFG\WEB\TFG\src\main\java\es\marta\tfg\carescan\model\Role.java. Using fallback presentation compiler.
2026.02.02 12:27:50 INFO  no build target found for C:\Users\marta\Documents\DOBLE GRADO\4º carrera\TFG\WEB\TFG\src\main\java\es\marta\tfg\carescan\model\Role.java. Using fallback presentation compiler.
2026.02.02 12:27:50 INFO  no build target found for C:\Users\marta\Documents\DOBLE GRADO\4º carrera\TFG\WEB\TFG\src\main\java\es\marta\tfg\carescan\model\Role.java. Using fallback presentation compiler.
2026.02.02 12:27:52 INFO  no build target found for C:\Users\marta\Documents\DOBLE GRADO\4º carrera\TFG\WEB\TFG\src\main\java\es\marta\tfg\carescan\model\Role.java. Using fallback presentation compiler.
2026.02.02 12:27:52 INFO  no build target found for C:\Users\marta\Documents\DOBLE GRADO\4º carrera\TFG\WEB\TFG\src\main\java\es\marta\tfg\carescan\model\Role.java. Using fallback presentation compiler.
2026.02.02 12:27:52 INFO  no build target found for C:\Users\marta\Documents\DOBLE GRADO\4º carrera\TFG\WEB\TFG\src\main\java\es\marta\tfg\carescan\model\Role.java. Using fallback presentation compiler.
2026.02.02 12:27:53 INFO  no build target found for C:\Users\marta\Documents\DOBLE GRADO\4º carrera\TFG\WEB\TFG\src\main\java\es\marta\tfg\carescan\model\Role.java. Using fallback presentation compiler.
2026.02.02 12:27:53 INFO  no build target found for C:\Users\marta\Documents\DOBLE GRADO\4º carrera\TFG\WEB\TFG\src\main\java\es\marta\tfg\carescan\model\Role.java. Using fallback presentation compiler.
2026.02.02 12:27:54 WARN  no build target for: C:\Users\marta\Documents\DOBLE GRADO\4º carrera\TFG\WEB\TFG\src\main\java\es\marta\tfg\carescan\model\Role.java
2026.02.02 12:27:54 INFO  no build target found for C:\Users\marta\Documents\DOBLE GRADO\4º carrera\TFG\WEB\TFG\src\main\java\es\marta\tfg\carescan\model\Role.java. Using fallback presentation compiler.
2026.02.02 12:27:54 WARN  Running javac-semanticdb failed for file:///C:/Users/marta/Documents/DOBLE%20GRADO/4º%20carrera/TFG/WEB/TFG/src/main/java/es/marta/tfg/carescan/model/Role.java. Output:

2026.02.02 12:27:55 INFO  no build target found for C:\Users\marta\Documents\DOBLE GRADO\4º carrera\TFG\WEB\TFG\src\main\java\es\marta\tfg\carescan\model\Role.java. Using fallback presentation compiler.
2026.02.02 12:27:55 INFO  no build target found for C:\Users\marta\Documents\DOBLE GRADO\4º carrera\TFG\WEB\TFG\src\main\java\es\marta\tfg\carescan\model\Role.java. Using fallback presentation compiler.
2026.02.02 12:27:55 INFO  no build target found for C:\Users\marta\Documents\DOBLE GRADO\4º carrera\TFG\WEB\TFG\src\main\java\es\marta\tfg\carescan\model\Role.java. Using fallback presentation compiler.
2026.02.02 12:27:55 INFO  no build target found for C:\Users\marta\Documents\DOBLE GRADO\4º carrera\TFG\WEB\TFG\src\main\java\es\marta\tfg\carescan\model\Role.java. Using fallback presentation compiler.
2026.02.02 12:27:55 INFO  no build target found for C:\Users\marta\Documents\DOBLE GRADO\4º carrera\TFG\WEB\TFG\src\main\java\es\marta\tfg\carescan\model\Role.java. Using fallback presentation compiler.
2026.02.02 12:27:55 INFO  no build target found for C:\Users\marta\Documents\DOBLE GRADO\4º carrera\TFG\WEB\TFG\src\main\java\es\marta\tfg\carescan\model\Role.java. Using fallback presentation compiler.
2026.02.02 12:27:55 INFO  no build target found for C:\Users\marta\Documents\DOBLE GRADO\4º carrera\TFG\WEB\TFG\src\main\java\es\marta\tfg\carescan\model\Role.java. Using fallback presentation compiler.
2026.02.02 12:27:55 INFO  no build target found for C:\Users\marta\Documents\DOBLE GRADO\4º carrera\TFG\WEB\TFG\src\main\java\es\marta\tfg\carescan\model\Role.java. Using fallback presentation compiler.
2026.02.02 12:27:56 INFO  no build target found for C:\Users\marta\Documents\DOBLE GRADO\4º carrera\TFG\WEB\TFG\src\main\java\es\marta\tfg\carescan\model\Role.java. Using fallback presentation compiler.
2026.02.02 12:27:56 INFO  no build target found for C:\Users\marta\Documents\DOBLE GRADO\4º carrera\TFG\WEB\TFG\src\main\java\es\marta\tfg\carescan\model\Role.java. Using fallback presentation compiler.
feb 02, 2026 12:27:56 P. M. org.eclipse.lsp4j.jsonrpc.RemoteEndpoint handleCancellation
WARNING: Unmatched cancel notification for request id 493
2026.02.02 12:27:56 INFO  no build target found for C:\Users\marta\Documents\DOBLE GRADO\4º carrera\TFG\WEB\TFG\src\main\java\es\marta\tfg\carescan\model\Role.java. Using fallback presentation compiler.
2026.02.02 12:27:56 INFO  no build target found for C:\Users\marta\Documents\DOBLE GRADO\4º carrera\TFG\WEB\TFG\src\main\java\es\marta\tfg\carescan\model\Role.java. Using fallback presentation compiler.
2026.02.02 12:27:56 INFO  no build target found for C:\Users\marta\Documents\DOBLE GRADO\4º carrera\TFG\WEB\TFG\src\main\java\es\marta\tfg\carescan\model\Role.java. Using fallback presentation compiler.
2026.02.02 12:27:56 INFO  no build target found for C:\Users\marta\Documents\DOBLE GRADO\4º carrera\TFG\WEB\TFG\src\main\java\es\marta\tfg\carescan\model\Role.java. Using fallback presentation compiler.
2026.02.02 12:27:57 INFO  no build target found for C:\Users\marta\Documents\DOBLE GRADO\4º carrera\TFG\WEB\TFG\src\main\java\es\marta\tfg\carescan\model\Role.java. Using fallback presentation compiler.
2026.02.02 12:27:57 INFO  no build target found for C:\Users\marta\Documents\DOBLE GRADO\4º carrera\TFG\WEB\TFG\src\main\java\es\marta\tfg\carescan\model\Role.java. Using fallback presentation compiler.
2026.02.02 12:27:57 INFO  no build target found for C:\Users\marta\Documents\DOBLE GRADO\4º carrera\TFG\WEB\TFG\src\main\java\es\marta\tfg\carescan\model\Role.java. Using fallback presentation compiler.
2026.02.02 12:27:57 INFO  no build target found for C:\Users\marta\Documents\DOBLE GRADO\4º carrera\TFG\WEB\TFG\src\main\java\es\marta\tfg\carescan\model\Role.java. Using fallback presentation compiler.
feb 02, 2026 12:27:58 P. M. org.eclipse.lsp4j.jsonrpc.RemoteEndpoint handleCancellation
WARNING: Unmatched cancel notification for request id 509
2026.02.02 12:27:57 INFO  no build target found for C:\Users\marta\Documents\DOBLE GRADO\4º carrera\TFG\WEB\TFG\src\main\java\es\marta\tfg\carescan\model\Role.java. Using fallback presentation compiler.
2026.02.02 12:27:59 INFO  no build target found for C:\Users\marta\Documents\DOBLE GRADO\4º carrera\TFG\WEB\TFG\src\main\java\es\marta\tfg\carescan\model\Role.java. Using fallback presentation compiler.
2026.02.02 12:27:59 INFO  no build target found for C:\Users\marta\Documents\DOBLE GRADO\4º carrera\TFG\WEB\TFG\src\main\java\es\marta\tfg\carescan\model\Role.java. Using fallback presentation compiler.
2026.02.02 12:27:59 INFO  no build target found for C:\Users\marta\Documents\DOBLE GRADO\4º carrera\TFG\WEB\TFG\src\main\java\es\marta\tfg\carescan\model\Role.java. Using fallback presentation compiler.
2026.02.02 12:27:59 INFO  no build target found for C:\Users\marta\Documents\DOBLE GRADO\4º carrera\TFG\WEB\TFG\src\main\java\es\marta\tfg\carescan\model\Role.java. Using fallback presentation compiler.
2026.02.02 12:27:59 INFO  no build target found for C:\Users\marta\Documents\DOBLE GRADO\4º carrera\TFG\WEB\TFG\src\main\java\es\marta\tfg\carescan\model\Role.java. Using fallback presentation compiler.
2026.02.02 12:27:59 WARN  no build target for: C:\Users\marta\Documents\DOBLE GRADO\4º carrera\TFG\WEB\TFG\src\main\java\es\marta\tfg\carescan\model\Role.java
2026.02.02 12:27:59 WARN  Running javac-semanticdb failed for file:///C:/Users/marta/Documents/DOBLE%20GRADO/4º%20carrera/TFG/WEB/TFG/src/main/java/es/marta/tfg/carescan/model/Role.java. Output:

2026.02.02 12:27:59 INFO  no build target found for C:\Users\marta\Documents\DOBLE GRADO\4º carrera\TFG\WEB\TFG\src\main\java\es\marta\tfg\carescan\model\Role.java. Using fallback presentation compiler.
2026.02.02 12:27:59 INFO  no build target found for C:\Users\marta\Documents\DOBLE GRADO\4º carrera\TFG\WEB\TFG\src\main\java\es\marta\tfg\carescan\model\Role.java. Using fallback presentation compiler.
2026.02.02 12:28:00 INFO  no build target found for C:\Users\marta\Documents\DOBLE GRADO\4º carrera\TFG\WEB\TFG\src\main\java\es\marta\tfg\carescan\model\Role.java. Using fallback presentation compiler.
2026.02.02 12:28:00 INFO  no build target found for C:\Users\marta\Documents\DOBLE GRADO\4º carrera\TFG\WEB\TFG\src\main\java\es\marta\tfg\carescan\model\Role.java. Using fallback presentation compiler.
2026.02.02 12:28:00 INFO  no build target found for C:\Users\marta\Documents\DOBLE GRADO\4º carrera\TFG\WEB\TFG\src\main\java\es\marta\tfg\carescan\model\Role.java. Using fallback presentation compiler.
2026.02.02 12:28:00 INFO  no build target found for C:\Users\marta\Documents\DOBLE GRADO\4º carrera\TFG\WEB\TFG\src\main\java\es\marta\tfg\carescan\model\Role.java. Using fallback presentation compiler.
2026.02.02 12:28:00 INFO  no build target found for C:\Users\marta\Documents\DOBLE GRADO\4º carrera\TFG\WEB\TFG\src\main\java\es\marta\tfg\carescan\model\Role.java. Using fallback presentation compiler.
2026.02.02 12:28:01 INFO  no build target found for C:\Users\marta\Documents\DOBLE GRADO\4º carrera\TFG\WEB\TFG\src\main\java\es\marta\tfg\carescan\model\Role.java. Using fallback presentation compiler.
2026.02.02 12:28:01 INFO  no build target found for C:\Users\marta\Documents\DOBLE GRADO\4º carrera\TFG\WEB\TFG\src\main\java\es\marta\tfg\carescan\model\Role.java. Using fallback presentation compiler.
2026.02.02 12:28:01 INFO  no build target found for C:\Users\marta\Documents\DOBLE GRADO\4º carrera\TFG\WEB\TFG\src\main\java\es\marta\tfg\carescan\model\Role.java. Using fallback presentation compiler.
2026.02.02 12:28:01 INFO  no build target found for C:\Users\marta\Documents\DOBLE GRADO\4º carrera\TFG\WEB\TFG\src\main\java\es\marta\tfg\carescan\model\Role.java. Using fallback presentation compiler.
2026.02.02 12:28:01 INFO  no build target found for C:\Users\marta\Documents\DOBLE GRADO\4º carrera\TFG\WEB\TFG\src\main\java\es\marta\tfg\carescan\model\Role.java. Using fallback presentation compiler.
2026.02.02 12:28:01 INFO  no build target found for C:\Users\marta\Documents\DOBLE GRADO\4º carrera\TFG\WEB\TFG\src\main\java\es\marta\tfg\carescan\model\Role.java. Using fallback presentation compiler.
2026.02.02 12:28:02 INFO  no build target found for C:\Users\marta\Documents\DOBLE GRADO\4º carrera\TFG\WEB\TFG\src\main\java\es\marta\tfg\carescan\model\Role.java. Using fallback presentation compiler.
feb 02, 2026 12:28:02 P. M. org.eclipse.lsp4j.jsonrpc.RemoteEndpoint handleCancellation
WARNING: Unmatched cancel notification for request id 540
2026.02.02 12:28:02 INFO  no build target found for C:\Users\marta\Documents\DOBLE GRADO\4º carrera\TFG\WEB\TFG\src\main\java\es\marta\tfg\carescan\model\Role.java. Using fallback presentation compiler.
2026.02.02 12:28:02 INFO  no build target found for C:\Users\marta\Documents\DOBLE GRADO\4º carrera\TFG\WEB\TFG\src\main\java\es\marta\tfg\carescan\model\Role.java. Using fallback presentation compiler.
2026.02.02 12:28:02 INFO  no build target found for C:\Users\marta\Documents\DOBLE GRADO\4º carrera\TFG\WEB\TFG\src\main\java\es\marta\tfg\carescan\model\Role.java. Using fallback presentation compiler.
feb 02, 2026 12:28:02 P. M. org.eclipse.lsp4j.jsonrpc.RemoteEndpoint handleCancellation
WARNING: Unmatched cancel notification for request id 546
2026.02.02 12:28:02 INFO  no build target found for C:\Users\marta\Documents\DOBLE GRADO\4º carrera\TFG\WEB\TFG\src\main\java\es\marta\tfg\carescan\model\Role.java. Using fallback presentation compiler.
2026.02.02 12:28:04 INFO  no build target found for C:\Users\marta\Documents\DOBLE GRADO\4º carrera\TFG\WEB\TFG\src\main\java\es\marta\tfg\carescan\model\Role.java. Using fallback presentation compiler.
2026.02.02 12:28:04 INFO  no build target found for C:\Users\marta\Documents\DOBLE GRADO\4º carrera\TFG\WEB\TFG\src\main\java\es\marta\tfg\carescan\model\Role.java. Using fallback presentation compiler.
2026.02.02 12:28:04 INFO  no build target found for C:\Users\marta\Documents\DOBLE GRADO\4º carrera\TFG\WEB\TFG\src\main\java\es\marta\tfg\carescan\model\Role.java. Using fallback presentation compiler.
feb 02, 2026 12:28:04 P. M. org.eclipse.lsp4j.jsonrpc.RemoteEndpoint handleCancellation
WARNING: Unmatched cancel notification for request id 555
2026.02.02 12:28:04 INFO  no build target found for C:\Users\marta\Documents\DOBLE GRADO\4º carrera\TFG\WEB\TFG\src\main\java\es\marta\tfg\carescan\model\Role.java. Using fallback presentation compiler.
2026.02.02 12:28:04 INFO  no build target found for C:\Users\marta\Documents\DOBLE GRADO\4º carrera\TFG\WEB\TFG\src\main\java\es\marta\tfg\carescan\model\Role.java. Using fallback presentation compiler.
2026.02.02 12:28:04 INFO  no build target found for C:\Users\marta\Documents\DOBLE GRADO\4º carrera\TFG\WEB\TFG\src\main\java\es\marta\tfg\carescan\model\Role.java. Using fallback presentation compiler.
2026.02.02 12:28:04 INFO  no build target found for C:\Users\marta\Documents\DOBLE GRADO\4º carrera\TFG\WEB\TFG\src\main\java\es\marta\tfg\carescan\model\Role.java. Using fallback presentation compiler.
2026.02.02 12:28:04 INFO  no build target found for C:\Users\marta\Documents\DOBLE GRADO\4º carrera\TFG\WEB\TFG\src\main\java\es\marta\tfg\carescan\model\Role.java. Using fallback presentation compiler.
2026.02.02 12:28:04 INFO  no build target found for C:\Users\marta\Documents\DOBLE GRADO\4º carrera\TFG\WEB\TFG\src\main\java\es\marta\tfg\carescan\model\Role.java. Using fallback presentation compiler.
2026.02.02 12:28:05 WARN  no build target for: C:\Users\marta\Documents\DOBLE GRADO\4º carrera\TFG\WEB\TFG\src\main\java\es\marta\tfg\carescan\model\Role.java
2026.02.02 12:28:05 WARN  Running javac-semanticdb failed for file:///C:/Users/marta/Documents/DOBLE%20GRADO/4º%20carrera/TFG/WEB/TFG/src/main/java/es/marta/tfg/carescan/model/Role.java. Output:

2026.02.02 12:28:05 INFO  no build target found for C:\Users\marta\Documents\DOBLE GRADO\4º carrera\TFG\WEB\TFG\src\main\java\es\marta\tfg\carescan\model\Role.java. Using fallback presentation compiler.
2026.02.02 12:28:05 INFO  no build target found for C:\Users\marta\Documents\DOBLE GRADO\4º carrera\TFG\WEB\TFG\src\main\java\es\marta\tfg\carescan\model\Role.java. Using fallback presentation compiler.
2026.02.02 12:28:05 INFO  no build target found for C:\Users\marta\Documents\DOBLE GRADO\4º carrera\TFG\WEB\TFG\src\main\java\es\marta\tfg\carescan\model\Role.java. Using fallback presentation compiler.
2026.02.02 12:28:06 INFO  no build target found for C:\Users\marta\Documents\DOBLE GRADO\4º carrera\TFG\WEB\TFG\src\main\java\es\marta\tfg\carescan\model\Role.java. Using fallback presentation compiler.
2026.02.02 12:28:06 INFO  no build target found for C:\Users\marta\Documents\DOBLE GRADO\4º carrera\TFG\WEB\TFG\src\main\java\es\marta\tfg\carescan\model\Role.java. Using fallback presentation compiler.
2026.02.02 12:28:06 INFO  no build target found for C:\Users\marta\Documents\DOBLE GRADO\4º carrera\TFG\WEB\TFG\src\main\java\es\marta\tfg\carescan\model\Role.java. Using fallback presentation compiler.
2026.02.02 12:28:06 INFO  no build target found for C:\Users\marta\Documents\DOBLE GRADO\4º carrera\TFG\WEB\TFG\src\main\java\es\marta\tfg\carescan\model\Role.java. Using fallback presentation compiler.
2026.02.02 12:28:06 INFO  no build target found for C:\Users\marta\Documents\DOBLE GRADO\4º carrera\TFG\WEB\TFG\src\main\java\es\marta\tfg\carescan\model\Role.java. Using fallback presentation compiler.
2026.02.02 12:28:06 INFO  no build target found for C:\Users\marta\Documents\DOBLE GRADO\4º carrera\TFG\WEB\TFG\src\main\java\es\marta\tfg\carescan\model\Role.java. Using fallback presentation compiler.
2026.02.02 12:28:06 INFO  no build target found for C:\Users\marta\Documents\DOBLE GRADO\4º carrera\TFG\WEB\TFG\src\main\java\es\marta\tfg\carescan\model\Role.java. Using fallback presentation compiler.
2026.02.02 12:28:07 INFO  no build target found for C:\Users\marta\Documents\DOBLE GRADO\4º carrera\TFG\WEB\TFG\src\main\java\es\marta\tfg\carescan\model\Role.java. Using fallback presentation compiler.
2026.02.02 12:28:07 INFO  no build target found for C:\Users\marta\Documents\DOBLE GRADO\4º carrera\TFG\WEB\TFG\src\main\java\es\marta\tfg\carescan\model\Role.java. Using fallback presentation compiler.
2026.02.02 12:28:07 INFO  no build target found for C:\Users\marta\Documents\DOBLE GRADO\4º carrera\TFG\WEB\TFG\src\main\java\es\marta\tfg\carescan\model\Role.java. Using fallback presentation compiler.
2026.02.02 12:28:07 INFO  no build target found for C:\Users\marta\Documents\DOBLE GRADO\4º carrera\TFG\WEB\TFG\src\main\java\es\marta\tfg\carescan\model\Role.java. Using fallback presentation compiler.
2026.02.02 12:28:07 INFO  no build target found for C:\Users\marta\Documents\DOBLE GRADO\4º carrera\TFG\WEB\TFG\src\main\java\es\marta\tfg\carescan\model\Role.java. Using fallback presentation compiler.
2026.02.02 12:28:07 INFO  no build target found for C:\Users\marta\Documents\DOBLE GRADO\4º carrera\TFG\WEB\TFG\src\main\java\es\marta\tfg\carescan\model\Role.java. Using fallback presentation compiler.
2026.02.02 12:28:07 INFO  no build target found for C:\Users\marta\Documents\DOBLE GRADO\4º carrera\TFG\WEB\TFG\src\main\java\es\marta\tfg\carescan\model\Role.java. Using fallback presentation compiler.
2026.02.02 12:28:07 INFO  no build target found for C:\Users\marta\Documents\DOBLE GRADO\4º carrera\TFG\WEB\TFG\src\main\java\es\marta\tfg\carescan\model\Role.java. Using fallback presentation compiler.
2026.02.02 12:28:10 WARN  no build target for: C:\Users\marta\Documents\DOBLE GRADO\4º carrera\TFG\WEB\TFG\src\main\java\es\marta\tfg\carescan\model\Role.java
2026.02.02 12:28:10 INFO  no build target found for C:\Users\marta\Documents\DOBLE GRADO\4º carrera\TFG\WEB\TFG\src\main\java\es\marta\tfg\carescan\model\Role.java. Using fallback presentation compiler.
2026.02.02 12:28:10 WARN  Running javac-semanticdb failed for file:///C:/Users/marta/Documents/DOBLE%20GRADO/4º%20carrera/TFG/WEB/TFG/src/main/java/es/marta/tfg/carescan/model/Role.java. Output:

2026.02.02 12:28:11 INFO  no build target found for C:\Users\marta\Documents\DOBLE GRADO\4º carrera\TFG\WEB\TFG\src\main\java\es\marta\tfg\carescan\model\Role.java. Using fallback presentation compiler.
2026.02.02 12:28:18 WARN  no build target for: C:\Users\marta\Documents\DOBLE GRADO\4º carrera\TFG\WEB\TFG\src\main\java\es\marta\tfg\carescan\model\Role.java
2026.02.02 12:28:18 INFO  no build target found for C:\Users\marta\Documents\DOBLE GRADO\4º carrera\TFG\WEB\TFG\src\main\java\es\marta\tfg\carescan\model\Role.java. Using fallback presentation compiler.
2026.02.02 12:28:18 INFO  no build target found for C:\Users\marta\Documents\DOBLE GRADO\4º carrera\TFG\WEB\TFG\src\main\java\es\marta\tfg\carescan\model\Role.java. Using fallback presentation compiler.
2026.02.02 12:28:18 INFO  no build target found for C:\Users\marta\Documents\DOBLE GRADO\4º carrera\TFG\WEB\TFG\src\main\java\es\marta\tfg\carescan\model\Role.java. Using fallback presentation compiler.
2026.02.02 12:28:21 INFO  no build target found for C:\Users\marta\Documents\DOBLE GRADO\4º carrera\TFG\WEB\TFG\src\main\java\es\marta\tfg\carescan\model\Role.java. Using fallback presentation compiler.
2026.02.02 12:28:26 INFO  no build target found for C:\Users\marta\Documents\DOBLE GRADO\4º carrera\TFG\WEB\TFG\src\main\java\es\marta\tfg\carescan\model\User.java. Using fallback presentation compiler.
2026.02.02 12:28:26 INFO  no build target found for C:\Users\marta\Documents\DOBLE GRADO\4º carrera\TFG\WEB\TFG\src\main\java\es\marta\tfg\carescan\model\User.java. Using fallback presentation compiler.
2026.02.02 12:28:26 INFO  no build target found for C:\Users\marta\Documents\DOBLE GRADO\4º carrera\TFG\WEB\TFG\src\main\java\es\marta\tfg\carescan\model\User.java. Using fallback presentation compiler.
2026.02.02 12:28:26 INFO  no build target found for C:\Users\marta\Documents\DOBLE GRADO\4º carrera\TFG\WEB\TFG\src\main\java\es\marta\tfg\carescan\model\User.java. Using fallback presentation compiler.
2026.02.02 12:28:30 INFO  no build target found for C:\Users\marta\Documents\DOBLE GRADO\4º carrera\TFG\WEB\TFG\src\main\java\es\marta\tfg\carescan\model\User.java. Using fallback presentation compiler.
2026.02.02 12:28:39 INFO  no build target found for C:\Users\marta\Documents\DOBLE GRADO\4º carrera\TFG\WEB\TFG\src\main\java\es\marta\tfg\carescan\model\User.java. Using fallback presentation compiler.
2026.02.02 12:28:39 INFO  no build target found for C:\Users\marta\Documents\DOBLE GRADO\4º carrera\TFG\WEB\TFG\src\main\java\es\marta\tfg\carescan\model\User.java. Using fallback presentation compiler.
2026.02.02 12:28:40 INFO  no build target found for C:\Users\marta\Documents\DOBLE GRADO\4º carrera\TFG\WEB\TFG\src\main\java\es\marta\tfg\carescan\model\User.java. Using fallback presentation compiler.
2026.02.02 12:28:40 INFO  no build target found for C:\Users\marta\Documents\DOBLE GRADO\4º carrera\TFG\WEB\TFG\src\main\java\es\marta\tfg\carescan\model\User.java. Using fallback presentation compiler.
2026.02.02 12:28:40 INFO  no build target found for C:\Users\marta\Documents\DOBLE GRADO\4º carrera\TFG\WEB\TFG\src\main\java\es\marta\tfg\carescan\model\User.java. Using fallback presentation compiler.
2026.02.02 12:28:41 INFO  no build target found for C:\Users\marta\Documents\DOBLE GRADO\4º carrera\TFG\WEB\TFG\src\main\java\es\marta\tfg\carescan\model\User.java. Using fallback presentation compiler.
2026.02.02 12:28:42 INFO  no build target found for C:\Users\marta\Documents\DOBLE GRADO\4º carrera\TFG\WEB\TFG\src\main\java\es\marta\tfg\carescan\model\User.java. Using fallback presentation compiler.
2026.02.02 12:28:41 INFO  no build target found for C:\Users\marta\Documents\DOBLE GRADO\4º carrera\TFG\WEB\TFG\src\main\java\es\marta\tfg\carescan\model\User.java. Using fallback presentation compiler.
2026.02.02 12:28:41 INFO  no build target found for C:\Users\marta\Documents\DOBLE GRADO\4º carrera\TFG\WEB\TFG\src\main\java\es\marta\tfg\carescan\model\User.java. Using fallback presentation compiler.
2026.02.02 12:28:42 INFO  no build target found for C:\Users\marta\Documents\DOBLE GRADO\4º carrera\TFG\WEB\TFG\src\main\java\es\marta\tfg\carescan\model\User.java. Using fallback presentation compiler.
2026.02.02 12:28:41 INFO  no build target found for C:\Users\marta\Documents\DOBLE GRADO\4º carrera\TFG\WEB\TFG\src\main\java\es\marta\tfg\carescan\model\User.java. Using fallback presentation compiler.
feb 02, 2026 12:28:42 P. M. org.eclipse.lsp4j.jsonrpc.RemoteEndpoint handleCancellation
WARNING: Unmatched cancel notification for request id 642
2026.02.02 12:28:43 INFO  no build target found for C:\Users\marta\Documents\DOBLE GRADO\4º carrera\TFG\WEB\TFG\src\main\java\es\marta\tfg\carescan\model\User.java. Using fallback presentation compiler.
2026.02.02 12:28:42 INFO  no build target found for C:\Users\marta\Documents\DOBLE GRADO\4º carrera\TFG\WEB\TFG\src\main\java\es\marta\tfg\carescan\model\User.java. Using fallback presentation compiler.
2026.02.02 12:28:43 INFO  no build target found for C:\Users\marta\Documents\DOBLE GRADO\4º carrera\TFG\WEB\TFG\src\main\java\es\marta\tfg\carescan\model\User.java. Using fallback presentation compiler.
2026.02.02 12:28:43 INFO  no build target found for C:\Users\marta\Documents\DOBLE GRADO\4º carrera\TFG\WEB\TFG\src\main\java\es\marta\tfg\carescan\model\User.java. Using fallback presentation compiler.
2026.02.02 12:28:44 WARN  no build target for: C:\Users\marta\Documents\DOBLE GRADO\4º carrera\TFG\WEB\TFG\src\main\java\es\marta\tfg\carescan\model\User.java
2026.02.02 12:28:44 INFO  no build target found for C:\Users\marta\Documents\DOBLE GRADO\4º carrera\TFG\WEB\TFG\src\main\java\es\marta\tfg\carescan\model\User.java. Using fallback presentation compiler.
2026.02.02 12:28:44 WARN  Running javac-semanticdb failed for file:///C:/Users/marta/Documents/DOBLE%20GRADO/4º%20carrera/TFG/WEB/TFG/src/main/java/es/marta/tfg/carescan/model/User.java. Output:

2026.02.02 12:28:44 INFO  no build target found for C:\Users\marta\Documents\DOBLE GRADO\4º carrera\TFG\WEB\TFG\src\main\java\es\marta\tfg\carescan\model\User.java. Using fallback presentation compiler.
2026.02.02 12:28:44 INFO  no build target found for C:\Users\marta\Documents\DOBLE GRADO\4º carrera\TFG\WEB\TFG\src\main\java\es\marta\tfg\carescan\model\User.java. Using fallback presentation compiler.
2026.02.02 12:28:44 INFO  no build target found for C:\Users\marta\Documents\DOBLE GRADO\4º carrera\TFG\WEB\TFG\src\main\java\es\marta\tfg\carescan\model\User.java. Using fallback presentation compiler.
2026.02.02 12:28:44 INFO  no build target found for C:\Users\marta\Documents\DOBLE GRADO\4º carrera\TFG\WEB\TFG\src\main\java\es\marta\tfg\carescan\model\User.java. Using fallback presentation compiler.
2026.02.02 12:28:44 INFO  no build target found for C:\Users\marta\Documents\DOBLE GRADO\4º carrera\TFG\WEB\TFG\src\main\java\es\marta\tfg\carescan\model\User.java. Using fallback presentation compiler.
2026.02.02 12:28:45 WARN  no build target for: C:\Users\marta\Documents\DOBLE GRADO\4º carrera\TFG\WEB\TFG\src\main\java\es\marta\tfg\carescan\model\User.java
2026.02.02 12:28:44 INFO  no build target found for C:\Users\marta\Documents\DOBLE GRADO\4º carrera\TFG\WEB\TFG\src\main\java\es\marta\tfg\carescan\model\User.java. Using fallback presentation compiler.
2026.02.02 12:28:45 WARN  Running javac-semanticdb failed for file:///C:/Users/marta/Documents/DOBLE%20GRADO/4º%20carrera/TFG/WEB/TFG/src/main/java/es/marta/tfg/carescan/model/User.java. Output:

2026.02.02 12:28:45 INFO  no build target found for C:\Users\marta\Documents\DOBLE GRADO\4º carrera\TFG\WEB\TFG\src\main\java\es\marta\tfg\carescan\model\User.java. Using fallback presentation compiler.
2026.02.02 12:28:45 INFO  no build target found for C:\Users\marta\Documents\DOBLE GRADO\4º carrera\TFG\WEB\TFG\src\main\java\es\marta\tfg\carescan\model\User.java. Using fallback presentation compiler.
2026.02.02 12:28:46 INFO  no build target found for C:\Users\marta\Documents\DOBLE GRADO\4º carrera\TFG\WEB\TFG\src\main\java\es\marta\tfg\carescan\model\User.java. Using fallback presentation compiler.
2026.02.02 12:28:45 INFO  no build target found for C:\Users\marta\Documents\DOBLE GRADO\4º carrera\TFG\WEB\TFG\src\main\java\es\marta\tfg\carescan\model\User.java. Using fallback presentation compiler.
2026.02.02 12:28:46 INFO  no build target found for C:\Users\marta\Documents\DOBLE GRADO\4º carrera\TFG\WEB\TFG\src\main\java\es\marta\tfg\carescan\model\User.java. Using fallback presentation compiler.
2026.02.02 12:28:47 WARN  no build target for: C:\Users\marta\Documents\DOBLE GRADO\4º carrera\TFG\WEB\TFG\src\main\java\es\marta\tfg\carescan\model\User.java
2026.02.02 12:28:47 INFO  no build target found for C:\Users\marta\Documents\DOBLE GRADO\4º carrera\TFG\WEB\TFG\src\main\java\es\marta\tfg\carescan\model\User.java. Using fallback presentation compiler.
2026.02.02 12:28:46 WARN  Running javac-semanticdb failed for file:///C:/Users/marta/Documents/DOBLE%20GRADO/4º%20carrera/TFG/WEB/TFG/src/main/java/es/marta/tfg/carescan/model/User.java. Output:

2026.02.02 12:28:47 INFO  no build target found for C:\Users\marta\Documents\DOBLE GRADO\4º carrera\TFG\WEB\TFG\src\main\java\es\marta\tfg\carescan\model\User.java. Using fallback presentation compiler.
2026.02.02 12:28:47 INFO  no build target found for C:\Users\marta\Documents\DOBLE GRADO\4º carrera\TFG\WEB\TFG\src\main\java\es\marta\tfg\carescan\model\User.java. Using fallback presentation compiler.
2026.02.02 12:28:47 INFO  no build target found for C:\Users\marta\Documents\DOBLE GRADO\4º carrera\TFG\WEB\TFG\src\main\java\es\marta\tfg\carescan\model\User.java. Using fallback presentation compiler.
2026.02.02 12:28:48 INFO  no build target found for C:\Users\marta\Documents\DOBLE GRADO\4º carrera\TFG\WEB\TFG\src\main\java\es\marta\tfg\carescan\model\User.java. Using fallback presentation compiler.
2026.02.02 12:28:47 INFO  no build target found for C:\Users\marta\Documents\DOBLE GRADO\4º carrera\TFG\WEB\TFG\src\main\java\es\marta\tfg\carescan\model\User.java. Using fallback presentation compiler.
2026.02.02 12:28:47 INFO  no build target found for C:\Users\marta\Documents\DOBLE GRADO\4º carrera\TFG\WEB\TFG\src\main\java\es\marta\tfg\carescan\model\User.java. Using fallback presentation compiler.
2026.02.02 12:28:47 INFO  no build target found for C:\Users\marta\Documents\DOBLE GRADO\4º carrera\TFG\WEB\TFG\src\main\java\es\marta\tfg\carescan\model\User.java. Using fallback presentation compiler.
2026.02.02 12:28:47 INFO  no build target found for C:\Users\marta\Documents\DOBLE GRADO\4º carrera\TFG\WEB\TFG\src\main\java\es\marta\tfg\carescan\model\User.java. Using fallback presentation compiler.
2026.02.02 12:28:47 INFO  no build target found for C:\Users\marta\Documents\DOBLE GRADO\4º carrera\TFG\WEB\TFG\src\main\java\es\marta\tfg\carescan\model\User.java. Using fallback presentation compiler.
2026.02.02 12:28:49 INFO  no build target found for C:\Users\marta\Documents\DOBLE GRADO\4º carrera\TFG\WEB\TFG\src\main\java\es\marta\tfg\carescan\model\User.java. Using fallback presentation compiler.
2026.02.02 12:28:49 INFO  no build target found for C:\Users\marta\Documents\DOBLE GRADO\4º carrera\TFG\WEB\TFG\src\main\java\es\marta\tfg\carescan\model\User.java. Using fallback presentation compiler.
2026.02.02 12:28:49 INFO  no build target found for C:\Users\marta\Documents\DOBLE GRADO\4º carrera\TFG\WEB\TFG\src\main\java\es\marta\tfg\carescan\model\User.java. Using fallback presentation compiler.
2026.02.02 12:28:49 INFO  no build target found for C:\Users\marta\Documents\DOBLE GRADO\4º carrera\TFG\WEB\TFG\src\main\java\es\marta\tfg\carescan\model\User.java. Using fallback presentation compiler.
2026.02.02 12:28:49 INFO  no build target found for C:\Users\marta\Documents\DOBLE GRADO\4º carrera\TFG\WEB\TFG\src\main\java\es\marta\tfg\carescan\model\User.java. Using fallback presentation compiler.
2026.02.02 12:28:49 INFO  no build target found for C:\Users\marta\Documents\DOBLE GRADO\4º carrera\TFG\WEB\TFG\src\main\java\es\marta\tfg\carescan\model\User.java. Using fallback presentation compiler.
2026.02.02 12:28:50 INFO  no build target found for C:\Users\marta\Documents\DOBLE GRADO\4º carrera\TFG\WEB\TFG\src\main\java\es\marta\tfg\carescan\model\User.java. Using fallback presentation compiler.
2026.02.02 12:28:50 INFO  no build target found for C:\Users\marta\Documents\DOBLE GRADO\4º carrera\TFG\WEB\TFG\src\main\java\es\marta\tfg\carescan\model\User.java. Using fallback presentation compiler.
2026.02.02 12:28:50 INFO  no build target found for C:\Users\marta\Documents\DOBLE GRADO\4º carrera\TFG\WEB\TFG\src\main\java\es\marta\tfg\carescan\model\User.java. Using fallback presentation compiler.
2026.02.02 12:28:50 INFO  no build target found for C:\Users\marta\Documents\DOBLE GRADO\4º carrera\TFG\WEB\TFG\src\main\java\es\marta\tfg\carescan\model\User.java. Using fallback presentation compiler.
2026.02.02 12:28:50 INFO  no build target found for C:\Users\marta\Documents\DOBLE GRADO\4º carrera\TFG\WEB\TFG\src\main\java\es\marta\tfg\carescan\model\User.java. Using fallback presentation compiler.
2026.02.02 12:28:51 INFO  no build target found for C:\Users\marta\Documents\DOBLE GRADO\4º carrera\TFG\WEB\TFG\src\main\java\es\marta\tfg\carescan\model\User.java. Using fallback presentation compiler.
2026.02.02 12:28:51 INFO  no build target found for C:\Users\marta\Documents\DOBLE GRADO\4º carrera\TFG\WEB\TFG\src\main\java\es\marta\tfg\carescan\model\User.java. Using fallback presentation compiler.
2026.02.02 12:28:51 INFO  no build target found for C:\Users\marta\Documents\DOBLE GRADO\4º carrera\TFG\WEB\TFG\src\main\java\es\marta\tfg\carescan\model\User.java. Using fallback presentation compiler.
2026.02.02 12:28:51 INFO  no build target found for C:\Users\marta\Documents\DOBLE GRADO\4º carrera\TFG\WEB\TFG\src\main\java\es\marta\tfg\carescan\model\User.java. Using fallback presentation compiler.
2026.02.02 12:28:51 INFO  no build target found for C:\Users\marta\Documents\DOBLE GRADO\4º carrera\TFG\WEB\TFG\src\main\java\es\marta\tfg\carescan\model\User.java. Using fallback presentation compiler.
2026.02.02 12:28:51 INFO  no build target found for C:\Users\marta\Documents\DOBLE GRADO\4º carrera\TFG\WEB\TFG\src\main\java\es\marta\tfg\carescan\model\User.java. Using fallback presentation compiler.
2026.02.02 12:28:52 INFO  no build target found for C:\Users\marta\Documents\DOBLE GRADO\4º carrera\TFG\WEB\TFG\src\main\java\es\marta\tfg\carescan\model\User.java. Using fallback presentation compiler.
2026.02.02 12:28:52 INFO  no build target found for C:\Users\marta\Documents\DOBLE GRADO\4º carrera\TFG\WEB\TFG\src\main\java\es\marta\tfg\carescan\model\User.java. Using fallback presentation compiler.
2026.02.02 12:28:52 INFO  no build target found for C:\Users\marta\Documents\DOBLE GRADO\4º carrera\TFG\WEB\TFG\src\main\java\es\marta\tfg\carescan\model\User.java. Using fallback presentation compiler.
feb 02, 2026 12:28:52 P. M. org.eclipse.lsp4j.jsonrpc.RemoteEndpoint handleCancellation
WARNING: Unmatched cancel notification for request id 718
2026.02.02 12:28:52 INFO  no build target found for C:\Users\marta\Documents\DOBLE GRADO\4º carrera\TFG\WEB\TFG\src\main\java\es\marta\tfg\carescan\model\User.java. Using fallback presentation compiler.
2026.02.02 12:28:52 INFO  no build target found for C:\Users\marta\Documents\DOBLE GRADO\4º carrera\TFG\WEB\TFG\src\main\java\es\marta\tfg\carescan\model\User.java. Using fallback presentation compiler.
2026.02.02 12:28:52 INFO  no build target found for C:\Users\marta\Documents\DOBLE GRADO\4º carrera\TFG\WEB\TFG\src\main\java\es\marta\tfg\carescan\model\User.java. Using fallback presentation compiler.
2026.02.02 12:28:52 INFO  no build target found for C:\Users\marta\Documents\DOBLE GRADO\4º carrera\TFG\WEB\TFG\src\main\java\es\marta\tfg\carescan\model\User.java. Using fallback presentation compiler.
2026.02.02 12:28:53 INFO  no build target found for C:\Users\marta\Documents\DOBLE GRADO\4º carrera\TFG\WEB\TFG\src\main\java\es\marta\tfg\carescan\model\User.java. Using fallback presentation compiler.
2026.02.02 12:28:53 INFO  no build target found for C:\Users\marta\Documents\DOBLE GRADO\4º carrera\TFG\WEB\TFG\src\main\java\es\marta\tfg\carescan\model\User.java. Using fallback presentation compiler.
2026.02.02 12:28:53 INFO  no build target found for C:\Users\marta\Documents\DOBLE GRADO\4º carrera\TFG\WEB\TFG\src\main\java\es\marta\tfg\carescan\model\User.java. Using fallback presentation compiler.
2026.02.02 12:28:53 INFO  no build target found for C:\Users\marta\Documents\DOBLE GRADO\4º carrera\TFG\WEB\TFG\src\main\java\es\marta\tfg\carescan\model\User.java. Using fallback presentation compiler.
2026.02.02 12:28:53 INFO  no build target found for C:\Users\marta\Documents\DOBLE GRADO\4º carrera\TFG\WEB\TFG\src\main\java\es\marta\tfg\carescan\model\User.java. Using fallback presentation compiler.
2026.02.02 12:28:53 INFO  no build target found for C:\Users\marta\Documents\DOBLE GRADO\4º carrera\TFG\WEB\TFG\src\main\java\es\marta\tfg\carescan\model\User.java. Using fallback presentation compiler.
2026.02.02 12:28:53 INFO  no build target found for C:\Users\marta\Documents\DOBLE GRADO\4º carrera\TFG\WEB\TFG\src\main\java\es\marta\tfg\carescan\model\User.java. Using fallback presentation compiler.
2026.02.02 12:28:54 INFO  no build target found for C:\Users\marta\Documents\DOBLE GRADO\4º carrera\TFG\WEB\TFG\src\main\java\es\marta\tfg\carescan\model\User.java. Using fallback presentation compiler.
2026.02.02 12:28:54 INFO  no build target found for C:\Users\marta\Documents\DOBLE GRADO\4º carrera\TFG\WEB\TFG\src\main\java\es\marta\tfg\carescan\model\User.java. Using fallback presentation compiler.
2026.02.02 12:28:55 INFO  no build target found for C:\Users\marta\Documents\DOBLE GRADO\4º carrera\TFG\WEB\TFG\src\main\java\es\marta\tfg\carescan\model\User.java. Using fallback presentation compiler.
2026.02.02 12:28:54 INFO  no build target found for C:\Users\marta\Documents\DOBLE GRADO\4º carrera\TFG\WEB\TFG\src\main\java\es\marta\tfg\carescan\model\User.java. Using fallback presentation compiler.
2026.02.02 12:28:55 INFO  no build target found for C:\Users\marta\Documents\DOBLE GRADO\4º carrera\TFG\WEB\TFG\src\main\java\es\marta\tfg\carescan\model\User.java. Using fallback presentation compiler.
2026.02.02 12:28:55 INFO  no build target found for C:\Users\marta\Documents\DOBLE GRADO\4º carrera\TFG\WEB\TFG\src\main\java\es\marta\tfg\carescan\model\User.java. Using fallback presentation compiler.
2026.02.02 12:28:55 INFO  no build target found for C:\Users\marta\Documents\DOBLE GRADO\4º carrera\TFG\WEB\TFG\src\main\java\es\marta\tfg\carescan\model\User.java. Using fallback presentation compiler.
2026.02.02 12:28:56 WARN  no build target for: C:\Users\marta\Documents\DOBLE GRADO\4º carrera\TFG\WEB\TFG\src\main\java\es\marta\tfg\carescan\model\User.java
2026.02.02 12:28:56 WARN  Running javac-semanticdb failed for file:///C:/Users/marta/Documents/DOBLE%20GRADO/4º%20carrera/TFG/WEB/TFG/src/main/java/es/marta/tfg/carescan/model/User.java. Output:

2026.02.02 12:28:57 INFO  no build target found for C:\Users\marta\Documents\DOBLE GRADO\4º carrera\TFG\WEB\TFG\src\main\java\es\marta\tfg\carescan\model\User.java. Using fallback presentation compiler.
2026.02.02 12:28:57 INFO  no build target found for C:\Users\marta\Documents\DOBLE GRADO\4º carrera\TFG\WEB\TFG\src\main\java\es\marta\tfg\carescan\model\User.java. Using fallback presentation compiler.
2026.02.02 12:28:57 INFO  no build target found for C:\Users\marta\Documents\DOBLE GRADO\4º carrera\TFG\WEB\TFG\src\main\java\es\marta\tfg\carescan\model\User.java. Using fallback presentation compiler.
2026.02.02 12:28:57 INFO  no build target found for C:\Users\marta\Documents\DOBLE GRADO\4º carrera\TFG\WEB\TFG\src\main\java\es\marta\tfg\carescan\model\User.java. Using fallback presentation compiler.
2026.02.02 12:28:57 INFO  no build target found for C:\Users\marta\Documents\DOBLE GRADO\4º carrera\TFG\WEB\TFG\src\main\java\es\marta\tfg\carescan\model\User.java. Using fallback presentation compiler.
2026.02.02 12:28:58 INFO  no build target found for C:\Users\marta\Documents\DOBLE GRADO\4º carrera\TFG\WEB\TFG\src\main\java\es\marta\tfg\carescan\model\User.java. Using fallback presentation compiler.
2026.02.02 12:28:58 INFO  no build target found for C:\Users\marta\Documents\DOBLE GRADO\4º carrera\TFG\WEB\TFG\src\main\java\es\marta\tfg\carescan\model\User.java. Using fallback presentation compiler.
2026.02.02 12:28:58 INFO  no build target found for C:\Users\marta\Documents\DOBLE GRADO\4º carrera\TFG\WEB\TFG\src\main\java\es\marta\tfg\carescan\model\User.java. Using fallback presentation compiler.
2026.02.02 12:28:58 INFO  no build target found for C:\Users\marta\Documents\DOBLE GRADO\4º carrera\TFG\WEB\TFG\src\main\java\es\marta\tfg\carescan\model\User.java. Using fallback presentation compiler.
2026.02.02 12:28:58 INFO  no build target found for C:\Users\marta\Documents\DOBLE GRADO\4º carrera\TFG\WEB\TFG\src\main\java\es\marta\tfg\carescan\model\User.java. Using fallback presentation compiler.
2026.02.02 12:28:58 INFO  no build target found for C:\Users\marta\Documents\DOBLE GRADO\4º carrera\TFG\WEB\TFG\src\main\java\es\marta\tfg\carescan\model\User.java. Using fallback presentation compiler.
2026.02.02 12:28:58 INFO  no build target found for C:\Users\marta\Documents\DOBLE GRADO\4º carrera\TFG\WEB\TFG\src\main\java\es\marta\tfg\carescan\model\User.java. Using fallback presentation compiler.
2026.02.02 12:28:59 INFO  no build target found for C:\Users\marta\Documents\DOBLE GRADO\4º carrera\TFG\WEB\TFG\src\main\java\es\marta\tfg\carescan\model\User.java. Using fallback presentation compiler.
2026.02.02 12:28:59 INFO  no build target found for C:\Users\marta\Documents\DOBLE GRADO\4º carrera\TFG\WEB\TFG\src\main\java\es\marta\tfg\carescan\model\User.java. Using fallback presentation compiler.
2026.02.02 12:28:59 INFO  no build target found for C:\Users\marta\Documents\DOBLE GRADO\4º carrera\TFG\WEB\TFG\src\main\java\es\marta\tfg\carescan\model\User.java. Using fallback presentation compiler.
2026.02.02 12:28:59 INFO  no build target found for C:\Users\marta\Documents\DOBLE GRADO\4º carrera\TFG\WEB\TFG\src\main\java\es\marta\tfg\carescan\model\User.java. Using fallback presentation compiler.
feb 02, 2026 12:29:00 P. M. org.eclipse.lsp4j.jsonrpc.RemoteEndpoint handleCancellation
WARNING: Unmatched cancel notification for request id 780
2026.02.02 12:28:59 INFO  no build target found for C:\Users\marta\Documents\DOBLE GRADO\4º carrera\TFG\WEB\TFG\src\main\java\es\marta\tfg\carescan\model\User.java. Using fallback presentation compiler.
2026.02.02 12:29:01 INFO  no build target found for C:\Users\marta\Documents\DOBLE GRADO\4º carrera\TFG\WEB\TFG\src\main\java\es\marta\tfg\carescan\model\User.java. Using fallback presentation compiler.
2026.02.02 12:29:01 WARN  no build target for: C:\Users\marta\Documents\DOBLE GRADO\4º carrera\TFG\WEB\TFG\src\main\java\es\marta\tfg\carescan\model\User.java
2026.02.02 12:29:01 WARN  Running javac-semanticdb failed for file:///C:/Users/marta/Documents/DOBLE%20GRADO/4º%20carrera/TFG/WEB/TFG/src/main/java/es/marta/tfg/carescan/model/User.java. Output:

2026.02.02 12:29:03 INFO  no build target found for C:\Users\marta\Documents\DOBLE GRADO\4º carrera\TFG\WEB\TFG\src\main\java\es\marta\tfg\carescan\model\User.java. Using fallback presentation compiler.
2026.02.02 12:29:03 INFO  no build target found for C:\Users\marta\Documents\DOBLE GRADO\4º carrera\TFG\WEB\TFG\src\main\java\es\marta\tfg\carescan\model\User.java. Using fallback presentation compiler.
2026.02.02 12:29:03 INFO  no build target found for C:\Users\marta\Documents\DOBLE GRADO\4º carrera\TFG\WEB\TFG\src\main\java\es\marta\tfg\carescan\model\User.java. Using fallback presentation compiler.
2026.02.02 12:29:04 INFO  no build target found for C:\Users\marta\Documents\DOBLE GRADO\4º carrera\TFG\WEB\TFG\src\main\java\es\marta\tfg\carescan\model\User.java. Using fallback presentation compiler.
2026.02.02 12:29:06 INFO  no build target found for C:\Users\marta\Documents\DOBLE GRADO\4º carrera\TFG\WEB\TFG\src\main\java\es\marta\tfg\carescan\model\User.java. Using fallback presentation compiler.
2026.02.02 12:29:06 INFO  no build target found for C:\Users\marta\Documents\DOBLE GRADO\4º carrera\TFG\WEB\TFG\src\main\java\es\marta\tfg\carescan\model\User.java. Using fallback presentation compiler.
2026.02.02 12:29:06 INFO  no build target found for C:\Users\marta\Documents\DOBLE GRADO\4º carrera\TFG\WEB\TFG\src\main\java\es\marta\tfg\carescan\model\User.java. Using fallback presentation compiler.
2026.02.02 12:29:07 INFO  no build target found for C:\Users\marta\Documents\DOBLE GRADO\4º carrera\TFG\WEB\TFG\src\main\java\es\marta\tfg\carescan\model\User.java. Using fallback presentation compiler.
2026.02.02 12:29:07 INFO  no build target found for C:\Users\marta\Documents\DOBLE GRADO\4º carrera\TFG\WEB\TFG\src\main\java\es\marta\tfg\carescan\model\User.java. Using fallback presentation compiler.
2026.02.02 12:29:07 INFO  no build target found for C:\Users\marta\Documents\DOBLE GRADO\4º carrera\TFG\WEB\TFG\src\main\java\es\marta\tfg\carescan\model\User.java. Using fallback presentation compiler.
2026.02.02 12:29:07 INFO  no build target found for C:\Users\marta\Documents\DOBLE GRADO\4º carrera\TFG\WEB\TFG\src\main\java\es\marta\tfg\carescan\model\User.java. Using fallback presentation compiler.
2026.02.02 12:29:09 INFO  no build target found for C:\Users\marta\Documents\DOBLE GRADO\4º carrera\TFG\WEB\TFG\src\main\java\es\marta\tfg\carescan\model\User.java. Using fallback presentation compiler.
2026.02.02 12:29:09 INFO  no build target found for C:\Users\marta\Documents\DOBLE GRADO\4º carrera\TFG\WEB\TFG\src\main\java\es\marta\tfg\carescan\model\User.java. Using fallback presentation compiler.
2026.02.02 12:29:09 INFO  no build target found for C:\Users\marta\Documents\DOBLE GRADO\4º carrera\TFG\WEB\TFG\src\main\java\es\marta\tfg\carescan\model\User.java. Using fallback presentation compiler.
2026.02.02 12:29:09 INFO  no build target found for C:\Users\marta\Documents\DOBLE GRADO\4º carrera\TFG\WEB\TFG\src\main\java\es\marta\tfg\carescan\model\User.java. Using fallback presentation compiler.
2026.02.02 12:29:09 INFO  no build target found for C:\Users\marta\Documents\DOBLE GRADO\4º carrera\TFG\WEB\TFG\src\main\java\es\marta\tfg\carescan\model\User.java. Using fallback presentation compiler.
2026.02.02 12:29:09 INFO  no build target found for C:\Users\marta\Documents\DOBLE GRADO\4º carrera\TFG\WEB\TFG\src\main\java\es\marta\tfg\carescan\model\User.java. Using fallback presentation compiler.
2026.02.02 12:29:11 INFO  no build target found for C:\Users\marta\Documents\DOBLE GRADO\4º carrera\TFG\WEB\TFG\src\main\java\es\marta\tfg\carescan\model\User.java. Using fallback presentation compiler.
2026.02.02 12:29:11 WARN  no build target for: C:\Users\marta\Documents\DOBLE GRADO\4º carrera\TFG\WEB\TFG\src\main\java\es\marta\tfg\carescan\model\User.java
2026.02.02 12:29:11 INFO  no build target found for C:\Users\marta\Documents\DOBLE GRADO\4º carrera\TFG\WEB\TFG\src\main\java\es\marta\tfg\carescan\model\User.java. Using fallback presentation compiler.
2026.02.02 12:29:11 WARN  Running javac-semanticdb failed for file:///C:/Users/marta/Documents/DOBLE%20GRADO/4º%20carrera/TFG/WEB/TFG/src/main/java/es/marta/tfg/carescan/model/User.java. Output:

2026.02.02 12:29:12 INFO  no build target found for C:\Users\marta\Documents\DOBLE GRADO\4º carrera\TFG\WEB\TFG\src\main\java\es\marta\tfg\carescan\model\User.java. Using fallback presentation compiler.
2026.02.02 12:29:11 INFO  no build target found for C:\Users\marta\Documents\DOBLE GRADO\4º carrera\TFG\WEB\TFG\src\main\java\es\marta\tfg\carescan\model\User.java. Using fallback presentation compiler.
2026.02.02 12:29:12 INFO  no build target found for C:\Users\marta\Documents\DOBLE GRADO\4º carrera\TFG\WEB\TFG\src\main\java\es\marta\tfg\carescan\model\User.java. Using fallback presentation compiler.
2026.02.02 12:29:12 INFO  no build target found for C:\Users\marta\Documents\DOBLE GRADO\4º carrera\TFG\WEB\TFG\src\main\java\es\marta\tfg\carescan\model\User.java. Using fallback presentation compiler.
2026.02.02 12:29:12 INFO  no build target found for C:\Users\marta\Documents\DOBLE GRADO\4º carrera\TFG\WEB\TFG\src\main\java\es\marta\tfg\carescan\model\User.java. Using fallback presentation compiler.
2026.02.02 12:29:12 INFO  no build target found for C:\Users\marta\Documents\DOBLE GRADO\4º carrera\TFG\WEB\TFG\src\main\java\es\marta\tfg\carescan\model\User.java. Using fallback presentation compiler.
2026.02.02 12:29:13 INFO  no build target found for C:\Users\marta\Documents\DOBLE GRADO\4º carrera\TFG\WEB\TFG\src\main\java\es\marta\tfg\carescan\model\User.java. Using fallback presentation compiler.
2026.02.02 12:29:13 INFO  no build target found for C:\Users\marta\Documents\DOBLE GRADO\4º carrera\TFG\WEB\TFG\src\main\java\es\marta\tfg\carescan\model\User.java. Using fallback presentation compiler.
2026.02.02 12:29:13 INFO  no build target found for C:\Users\marta\Documents\DOBLE GRADO\4º carrera\TFG\WEB\TFG\src\main\java\es\marta\tfg\carescan\model\User.java. Using fallback presentation compiler.
2026.02.02 12:29:13 INFO  no build target found for C:\Users\marta\Documents\DOBLE GRADO\4º carrera\TFG\WEB\TFG\src\main\java\es\marta\tfg\carescan\model\User.java. Using fallback presentation compiler.
2026.02.02 12:29:13 INFO  no build target found for C:\Users\marta\Documents\DOBLE GRADO\4º carrera\TFG\WEB\TFG\src\main\java\es\marta\tfg\carescan\model\User.java. Using fallback presentation compiler.
2026.02.02 12:29:13 INFO  no build target found for C:\Users\marta\Documents\DOBLE GRADO\4º carrera\TFG\WEB\TFG\src\main\java\es\marta\tfg\carescan\model\User.java. Using fallback presentation compiler.
2026.02.02 12:29:13 INFO  no build target found for C:\Users\marta\Documents\DOBLE GRADO\4º carrera\TFG\WEB\TFG\src\main\java\es\marta\tfg\carescan\model\User.java. Using fallback presentation compiler.
2026.02.02 12:29:13 INFO  no build target found for C:\Users\marta\Documents\DOBLE GRADO\4º carrera\TFG\WEB\TFG\src\main\java\es\marta\tfg\carescan\model\User.java. Using fallback presentation compiler.
2026.02.02 12:29:13 INFO  no build target found for C:\Users\marta\Documents\DOBLE GRADO\4º carrera\TFG\WEB\TFG\src\main\java\es\marta\tfg\carescan\model\User.java. Using fallback presentation compiler.
2026.02.02 12:29:14 INFO  no build target found for C:\Users\marta\Documents\DOBLE GRADO\4º carrera\TFG\WEB\TFG\src\main\java\es\marta\tfg\carescan\model\User.java. Using fallback presentation compiler.
2026.02.02 12:29:14 INFO  no build target found for C:\Users\marta\Documents\DOBLE GRADO\4º carrera\TFG\WEB\TFG\src\main\java\es\marta\tfg\carescan\model\User.java. Using fallback presentation compiler.
2026.02.02 12:29:14 INFO  no build target found for C:\Users\marta\Documents\DOBLE GRADO\4º carrera\TFG\WEB\TFG\src\main\java\es\marta\tfg\carescan\model\User.java. Using fallback presentation compiler.
2026.02.02 12:29:14 INFO  no build target found for C:\Users\marta\Documents\DOBLE GRADO\4º carrera\TFG\WEB\TFG\src\main\java\es\marta\tfg\carescan\model\User.java. Using fallback presentation compiler.
2026.02.02 12:29:14 INFO  no build target found for C:\Users\marta\Documents\DOBLE GRADO\4º carrera\TFG\WEB\TFG\src\main\java\es\marta\tfg\carescan\model\User.java. Using fallback presentation compiler.
2026.02.02 12:29:14 INFO  no build target found for C:\Users\marta\Documents\DOBLE GRADO\4º carrera\TFG\WEB\TFG\src\main\java\es\marta\tfg\carescan\model\User.java. Using fallback presentation compiler.
2026.02.02 12:29:14 INFO  no build target found for C:\Users\marta\Documents\DOBLE GRADO\4º carrera\TFG\WEB\TFG\src\main\java\es\marta\tfg\carescan\model\User.java. Using fallback presentation compiler.
2026.02.02 12:29:15 INFO  no build target found for C:\Users\marta\Documents\DOBLE GRADO\4º carrera\TFG\WEB\TFG\src\main\java\es\marta\tfg\carescan\model\User.java. Using fallback presentation compiler.
2026.02.02 12:29:15 INFO  no build target found for C:\Users\marta\Documents\DOBLE GRADO\4º carrera\TFG\WEB\TFG\src\main\java\es\marta\tfg\carescan\model\User.java. Using fallback presentation compiler.
2026.02.02 12:29:15 INFO  no build target found for C:\Users\marta\Documents\DOBLE GRADO\4º carrera\TFG\WEB\TFG\src\main\java\es\marta\tfg\carescan\model\User.java. Using fallback presentation compiler.
2026.02.02 12:29:15 INFO  no build target found for C:\Users\marta\Documents\DOBLE GRADO\4º carrera\TFG\WEB\TFG\src\main\java\es\marta\tfg\carescan\model\User.java. Using fallback presentation compiler.
2026.02.02 12:29:15 INFO  no build target found for C:\Users\marta\Documents\DOBLE GRADO\4º carrera\TFG\WEB\TFG\src\main\java\es\marta\tfg\carescan\model\User.java. Using fallback presentation compiler.
2026.02.02 12:29:15 INFO  no build target found for C:\Users\marta\Documents\DOBLE GRADO\4º carrera\TFG\WEB\TFG\src\main\java\es\marta\tfg\carescan\model\User.java. Using fallback presentation compiler.
2026.02.02 12:29:16 INFO  no build target found for C:\Users\marta\Documents\DOBLE GRADO\4º carrera\TFG\WEB\TFG\src\main\java\es\marta\tfg\carescan\model\User.java. Using fallback presentation compiler.
2026.02.02 12:29:16 INFO  no build target found for C:\Users\marta\Documents\DOBLE GRADO\4º carrera\TFG\WEB\TFG\src\main\java\es\marta\tfg\carescan\model\User.java. Using fallback presentation compiler.
2026.02.02 12:29:16 INFO  no build target found for C:\Users\marta\Documents\DOBLE GRADO\4º carrera\TFG\WEB\TFG\src\main\java\es\marta\tfg\carescan\model\User.java. Using fallback presentation compiler.
2026.02.02 12:29:16 INFO  no build target found for C:\Users\marta\Documents\DOBLE GRADO\4º carrera\TFG\WEB\TFG\src\main\java\es\marta\tfg\carescan\model\User.java. Using fallback presentation compiler.
2026.02.02 12:29:16 INFO  no build target found for C:\Users\marta\Documents\DOBLE GRADO\4º carrera\TFG\WEB\TFG\src\main\java\es\marta\tfg\carescan\model\User.java. Using fallback presentation compiler.
2026.02.02 12:29:16 INFO  no build target found for C:\Users\marta\Documents\DOBLE GRADO\4º carrera\TFG\WEB\TFG\src\main\java\es\marta\tfg\carescan\model\User.java. Using fallback presentation compiler.
2026.02.02 12:29:17 INFO  no build target found for C:\Users\marta\Documents\DOBLE GRADO\4º carrera\TFG\WEB\TFG\src\main\java\es\marta\tfg\carescan\model\User.java. Using fallback presentation compiler.
2026.02.02 12:29:16 INFO  no build target found for C:\Users\marta\Documents\DOBLE GRADO\4º carrera\TFG\WEB\TFG\src\main\java\es\marta\tfg\carescan\model\User.java. Using fallback presentation compiler.
2026.02.02 12:29:16 INFO  no build target found for C:\Users\marta\Documents\DOBLE GRADO\4º carrera\TFG\WEB\TFG\src\main\java\es\marta\tfg\carescan\model\User.java. Using fallback presentation compiler.
2026.02.02 12:29:17 INFO  no build target found for C:\Users\marta\Documents\DOBLE GRADO\4º carrera\TFG\WEB\TFG\src\main\java\es\marta\tfg\carescan\model\User.java. Using fallback presentation compiler.
2026.02.02 12:29:17 INFO  no build target found for C:\Users\marta\Documents\DOBLE GRADO\4º carrera\TFG\WEB\TFG\src\main\java\es\marta\tfg\carescan\model\User.java. Using fallback presentation compiler.
2026.02.02 12:29:17 INFO  no build target found for C:\Users\marta\Documents\DOBLE GRADO\4º carrera\TFG\WEB\TFG\src\main\java\es\marta\tfg\carescan\model\User.java. Using fallback presentation compiler.
2026.02.02 12:29:17 INFO  no build target found for C:\Users\marta\Documents\DOBLE GRADO\4º carrera\TFG\WEB\TFG\src\main\java\es\marta\tfg\carescan\model\User.java. Using fallback presentation compiler.
2026.02.02 12:29:17 INFO  no build target found for C:\Users\marta\Documents\DOBLE GRADO\4º carrera\TFG\WEB\TFG\src\main\java\es\marta\tfg\carescan\model\User.java. Using fallback presentation compiler.
2026.02.02 12:29:17 INFO  no build target found for C:\Users\marta\Documents\DOBLE GRADO\4º carrera\TFG\WEB\TFG\src\main\java\es\marta\tfg\carescan\model\User.java. Using fallback presentation compiler.
2026.02.02 12:29:17 INFO  no build target found for C:\Users\marta\Documents\DOBLE GRADO\4º carrera\TFG\WEB\TFG\src\main\java\es\marta\tfg\carescan\model\User.java. Using fallback presentation compiler.
2026.02.02 12:29:17 INFO  no build target found for C:\Users\marta\Documents\DOBLE GRADO\4º carrera\TFG\WEB\TFG\src\main\java\es\marta\tfg\carescan\model\User.java. Using fallback presentation compiler.
2026.02.02 12:29:17 INFO  no build target found for C:\Users\marta\Documents\DOBLE GRADO\4º carrera\TFG\WEB\TFG\src\main\java\es\marta\tfg\carescan\model\User.java. Using fallback presentation compiler.
2026.02.02 12:29:17 INFO  no build target found for C:\Users\marta\Documents\DOBLE GRADO\4º carrera\TFG\WEB\TFG\src\main\java\es\marta\tfg\carescan\model\User.java. Using fallback presentation compiler.
2026.02.02 12:29:18 INFO  no build target found for C:\Users\marta\Documents\DOBLE GRADO\4º carrera\TFG\WEB\TFG\src\main\java\es\marta\tfg\carescan\model\User.java. Using fallback presentation compiler.
2026.02.02 12:29:18 INFO  no build target found for C:\Users\marta\Documents\DOBLE GRADO\4º carrera\TFG\WEB\TFG\src\main\java\es\marta\tfg\carescan\model\User.java. Using fallback presentation compiler.
feb 02, 2026 12:29:18 P. M. org.eclipse.lsp4j.jsonrpc.RemoteEndpoint handleCancellation
WARNING: Unmatched cancel notification for request id 875
2026.02.02 12:29:18 INFO  no build target found for C:\Users\marta\Documents\DOBLE GRADO\4º carrera\TFG\WEB\TFG\src\main\java\es\marta\tfg\carescan\model\User.java. Using fallback presentation compiler.
2026.02.02 12:29:18 INFO  no build target found for C:\Users\marta\Documents\DOBLE GRADO\4º carrera\TFG\WEB\TFG\src\main\java\es\marta\tfg\carescan\model\User.java. Using fallback presentation compiler.
2026.02.02 12:29:19 INFO  no build target found for C:\Users\marta\Documents\DOBLE GRADO\4º carrera\TFG\WEB\TFG\src\main\java\es\marta\tfg\carescan\model\User.java. Using fallback presentation compiler.
2026.02.02 12:29:19 WARN  no build target for: C:\Users\marta\Documents\DOBLE GRADO\4º carrera\TFG\WEB\TFG\src\main\java\es\marta\tfg\carescan\model\User.java
2026.02.02 12:29:19 INFO  no build target found for C:\Users\marta\Documents\DOBLE GRADO\4º carrera\TFG\WEB\TFG\src\main\java\es\marta\tfg\carescan\model\User.java. Using fallback presentation compiler.
2026.02.02 12:29:20 WARN  Running javac-semanticdb failed for file:///C:/Users/marta/Documents/DOBLE%20GRADO/4º%20carrera/TFG/WEB/TFG/src/main/java/es/marta/tfg/carescan/model/User.java. Output:

2026.02.02 12:29:20 INFO  no build target found for C:\Users\marta\Documents\DOBLE GRADO\4º carrera\TFG\WEB\TFG\src\main\java\es\marta\tfg\carescan\model\User.java. Using fallback presentation compiler.
2026.02.02 12:29:23 INFO  no build target found for C:\Users\marta\Documents\DOBLE GRADO\4º carrera\TFG\WEB\TFG\src\main\java\es\marta\tfg\carescan\model\User.java. Using fallback presentation compiler.
2026.02.02 12:29:26 INFO  no build target found for C:\Users\marta\Documents\DOBLE GRADO\4º carrera\TFG\WEB\TFG\src\main\java\es\marta\tfg\carescan\model\User.java. Using fallback presentation compiler.
2026.02.02 12:29:29 INFO  no build target found for C:\Users\marta\Documents\DOBLE GRADO\4º carrera\TFG\WEB\TFG\src\main\java\es\marta\tfg\carescan\model\User.java. Using fallback presentation compiler.
2026.02.02 12:29:29 INFO  no build target found for C:\Users\marta\Documents\DOBLE GRADO\4º carrera\TFG\WEB\TFG\src\main\java\es\marta\tfg\carescan\model\User.java. Using fallback presentation compiler.
2026.02.02 12:29:29 INFO  no build target found for C:\Users\marta\Documents\DOBLE GRADO\4º carrera\TFG\WEB\TFG\src\main\java\es\marta\tfg\carescan\model\User.java. Using fallback presentation compiler.
2026.02.02 12:29:30 INFO  no build target found for C:\Users\marta\Documents\DOBLE GRADO\4º carrera\TFG\WEB\TFG\src\main\java\es\marta\tfg\carescan\model\User.java. Using fallback presentation compiler.
2026.02.02 12:29:31 WARN  no build target for: C:\Users\marta\Documents\DOBLE GRADO\4º carrera\TFG\WEB\TFG\src\main\java\es\marta\tfg\carescan\model\User.java
2026.02.02 12:29:31 INFO  no build target found for C:\Users\marta\Documents\DOBLE GRADO\4º carrera\TFG\WEB\TFG\src\main\java\es\marta\tfg\carescan\model\User.java. Using fallback presentation compiler.
2026.02.02 12:29:31 WARN  Running javac-semanticdb failed for file:///C:/Users/marta/Documents/DOBLE%20GRADO/4º%20carrera/TFG/WEB/TFG/src/main/java/es/marta/tfg/carescan/model/User.java. Output:

2026.02.02 12:29:32 INFO  no build target found for C:\Users\marta\Documents\DOBLE GRADO\4º carrera\TFG\WEB\TFG\src\main\java\es\marta\tfg\carescan\model\User.java. Using fallback presentation compiler.
2026.02.02 12:29:32 INFO  no build target found for C:\Users\marta\Documents\DOBLE GRADO\4º carrera\TFG\WEB\TFG\src\main\java\es\marta\tfg\carescan\model\User.java. Using fallback presentation compiler.
feb 02, 2026 12:29:32 P. M. org.eclipse.lsp4j.jsonrpc.RemoteEndpoint handleCancellation
WARNING: Unmatched cancel notification for request id 905
2026.02.02 12:29:32 INFO  no build target found for C:\Users\marta\Documents\DOBLE GRADO\4º carrera\TFG\WEB\TFG\src\main\java\es\marta\tfg\carescan\model\User.java. Using fallback presentation compiler.
2026.02.02 12:29:32 INFO  no build target found for C:\Users\marta\Documents\DOBLE GRADO\4º carrera\TFG\WEB\TFG\src\main\java\es\marta\tfg\carescan\model\User.java. Using fallback presentation compiler.
2026.02.02 12:29:32 INFO  no build target found for C:\Users\marta\Documents\DOBLE GRADO\4º carrera\TFG\WEB\TFG\src\main\java\es\marta\tfg\carescan\model\User.java. Using fallback presentation compiler.
2026.02.02 12:29:33 WARN  no build target for: C:\Users\marta\Documents\DOBLE GRADO\4º carrera\TFG\WEB\TFG\src\main\java\es\marta\tfg\carescan\model\User.java
2026.02.02 12:29:33 INFO  no build target found for C:\Users\marta\Documents\DOBLE GRADO\4º carrera\TFG\WEB\TFG\src\main\java\es\marta\tfg\carescan\model\User.java. Using fallback presentation compiler.
2026.02.02 12:29:33 WARN  Running javac-semanticdb failed for file:///C:/Users/marta/Documents/DOBLE%20GRADO/4º%20carrera/TFG/WEB/TFG/src/main/java/es/marta/tfg/carescan/model/User.java. Output:

2026.02.02 12:29:33 INFO  no build target found for C:\Users\marta\Documents\DOBLE GRADO\4º carrera\TFG\WEB\TFG\src\main\java\es\marta\tfg\carescan\model\User.java. Using fallback presentation compiler.
2026.02.02 12:29:33 INFO  no build target found for C:\Users\marta\Documents\DOBLE GRADO\4º carrera\TFG\WEB\TFG\src\main\java\es\marta\tfg\carescan\model\User.java. Using fallback presentation compiler.
2026.02.02 12:29:33 INFO  no build target found for C:\Users\marta\Documents\DOBLE GRADO\4º carrera\TFG\WEB\TFG\src\main\java\es\marta\tfg\carescan\model\User.java. Using fallback presentation compiler.
2026.02.02 12:29:33 INFO  no build target found for C:\Users\marta\Documents\DOBLE GRADO\4º carrera\TFG\WEB\TFG\src\main\java\es\marta\tfg\carescan\model\User.java. Using fallback presentation compiler.
2026.02.02 12:29:35 WARN  no build target for: C:\Users\marta\Documents\DOBLE GRADO\4º carrera\TFG\WEB\TFG\src\main\java\es\marta\tfg\carescan\model\User.java
2026.02.02 12:29:35 INFO  no build target found for C:\Users\marta\Documents\DOBLE GRADO\4º carrera\TFG\WEB\TFG\src\main\java\es\marta\tfg\carescan\model\User.java. Using fallback presentation compiler.
2026.02.02 12:29:35 WARN  Running javac-semanticdb failed for file:///C:/Users/marta/Documents/DOBLE%20GRADO/4º%20carrera/TFG/WEB/TFG/src/main/java/es/marta/tfg/carescan/model/User.java. Output:

2026.02.02 12:29:42 INFO  no build target found for C:\Users\marta\Documents\DOBLE GRADO\4º carrera\TFG\WEB\TFG\src\main\java\es\marta\tfg\carescan\model\User.java. Using fallback presentation compiler.
2026.02.02 12:29:42 INFO  no build target found for C:\Users\marta\Documents\DOBLE GRADO\4º carrera\TFG\WEB\TFG\src\main\java\es\marta\tfg\carescan\model\User.java. Using fallback presentation compiler.
2026.02.02 12:29:43 INFO  no build target found for C:\Users\marta\Documents\DOBLE GRADO\4º carrera\TFG\WEB\TFG\src\main\java\es\marta\tfg\carescan\model\User.java. Using fallback presentation compiler.
2026.02.02 12:29:48 WARN  no build target for: C:\Users\marta\Documents\DOBLE GRADO\4º carrera\TFG\WEB\TFG\src\main\java\es\marta\tfg\carescan\model\User.java
2026.02.02 12:29:48 INFO  no build target found for C:\Users\marta\Documents\DOBLE GRADO\4º carrera\TFG\WEB\TFG\src\main\java\es\marta\tfg\carescan\model\User.java. Using fallback presentation compiler.
2026.02.02 12:29:48 INFO  no build target found for C:\Users\marta\Documents\DOBLE GRADO\4º carrera\TFG\WEB\TFG\src\main\java\es\marta\tfg\carescan\model\User.java. Using fallback presentation compiler.
feb 02, 2026 12:29:48 P. M. org.eclipse.lsp4j.jsonrpc.RemoteEndpoint handleCancellation
WARNING: Unmatched cancel notification for request id 935
2026.02.02 12:29:48 INFO  no build target found for C:\Users\marta\Documents\DOBLE GRADO\4º carrera\TFG\WEB\TFG\src\main\java\es\marta\tfg\carescan\model\User.java. Using fallback presentation compiler.
2026.02.02 12:29:48 INFO  no build target found for C:\Users\marta\Documents\DOBLE GRADO\4º carrera\TFG\WEB\TFG\src\main\java\es\marta\tfg\carescan\model\User.java. Using fallback presentation compiler.
2026.02.02 12:29:48 INFO  no build target found for C:\Users\marta\Documents\DOBLE GRADO\4º carrera\TFG\WEB\TFG\src\main\java\es\marta\tfg\carescan\model\User.java. Using fallback presentation compiler.
2026.02.02 12:29:48 INFO  no build target found for C:\Users\marta\Documents\DOBLE GRADO\4º carrera\TFG\WEB\TFG\src\main\java\es\marta\tfg\carescan\model\User.java. Using fallback presentation compiler.
2026.02.02 12:29:50 INFO  no build target found for C:\Users\marta\Documents\DOBLE GRADO\4º carrera\TFG\WEB\TFG\src\main\java\es\marta\tfg\carescan\security\RepositoryUserDetailsService.java. Using fallback presentation compiler.
2026.02.02 12:29:50 INFO  no build target found for C:\Users\marta\Documents\DOBLE GRADO\4º carrera\TFG\WEB\TFG\src\main\java\es\marta\tfg\carescan\model\User.java. Using fallback presentation compiler.
2026.02.02 12:29:51 WARN  no build target for: C:\Users\marta\Documents\DOBLE GRADO\4º carrera\TFG\WEB\TFG\src\main\java\es\marta\tfg\carescan\model\Role.java
2026.02.02 12:29:50 INFO  no build target found for C:\Users\marta\Documents\DOBLE GRADO\4º carrera\TFG\WEB\TFG\src\main\java\es\marta\tfg\carescan\model\Role.java. Using fallback presentation compiler.
2026.02.02 12:29:50 INFO  no build target found for C:\Users\marta\Documents\DOBLE GRADO\4º carrera\TFG\WEB\TFG\src\main\java\es\marta\tfg\carescan\model\Role.java. Using fallback presentation compiler.
2026.02.02 12:29:51 INFO  no build target found for C:\Users\marta\Documents\DOBLE GRADO\4º carrera\TFG\WEB\TFG\src\main\java\es\marta\tfg\carescan\model\Role.java. Using fallback presentation compiler.
2026.02.02 12:29:51 INFO  no build target found for C:\Users\marta\Documents\DOBLE GRADO\4º carrera\TFG\WEB\TFG\src\main\java\es\marta\tfg\carescan\model\Role.java. Using fallback presentation compiler.
2026.02.02 12:29:51 INFO  no build target found for C:\Users\marta\Documents\DOBLE GRADO\4º carrera\TFG\WEB\TFG\src\main\java\es\marta\tfg\carescan\model\Role.java. Using fallback presentation compiler.
2026.02.02 12:29:51 INFO  no build target found for C:\Users\marta\Documents\DOBLE GRADO\4º carrera\TFG\WEB\TFG\src\main\java\es\marta\tfg\carescan\model\Role.java. Using fallback presentation compiler.
2026.02.02 12:29:53 INFO  no build target found for C:\Users\marta\Documents\DOBLE GRADO\4º carrera\TFG\WEB\TFG\src\main\java\es\marta\tfg\carescan\model\Role.java. Using fallback presentation compiler.
2026.02.02 12:30:04 INFO  no build target found for C:\Users\marta\Documents\DOBLE GRADO\4º carrera\TFG\WEB\TFG\src\main\java\es\marta\tfg\carescan\SampleData.java. Using fallback presentation compiler.
2026.02.02 12:30:04 INFO  no build target found for C:\Users\marta\Documents\DOBLE GRADO\4º carrera\TFG\WEB\TFG\src\main\java\es\marta\tfg\carescan\SampleData.java. Using fallback presentation compiler.
2026.02.02 12:30:04 INFO  no build target found for C:\Users\marta\Documents\DOBLE GRADO\4º carrera\TFG\WEB\TFG\src\main\java\es\marta\tfg\carescan\SampleData.java. Using fallback presentation compiler.
2026.02.02 12:30:04 INFO  no build target found for C:\Users\marta\Documents\DOBLE GRADO\4º carrera\TFG\WEB\TFG\src\main\java\es\marta\tfg\carescan\SampleData.java. Using fallback presentation compiler.
2026.02.02 12:30:05 INFO  no build target found for C:\Users\marta\Documents\DOBLE GRADO\4º carrera\TFG\WEB\TFG\src\main\java\es\marta\tfg\carescan\SampleData.java. Using fallback presentation compiler.
2026.02.02 12:30:05 INFO  no build target found for C:\Users\marta\Documents\DOBLE GRADO\4º carrera\TFG\WEB\TFG\src\main\java\es\marta\tfg\carescan\SampleData.java. Using fallback presentation compiler.
2026.02.02 12:30:05 INFO  no build target found for C:\Users\marta\Documents\DOBLE GRADO\4º carrera\TFG\WEB\TFG\src\main\java\es\marta\tfg\carescan\SampleData.java. Using fallback presentation compiler.
2026.02.02 12:30:07 INFO  no build target found for C:\Users\marta\Documents\DOBLE GRADO\4º carrera\TFG\WEB\TFG\src\main\java\es\marta\tfg\carescan\SampleData.java. Using fallback presentation compiler.
2026.02.02 12:30:09 INFO  no build target found for C:\Users\marta\Documents\DOBLE GRADO\4º carrera\TFG\WEB\TFG\src\main\java\es\marta\tfg\carescan\SampleData.java. Using fallback presentation compiler.
2026.02.02 12:30:11 INFO  no build target found for C:\Users\marta\Documents\DOBLE GRADO\4º carrera\TFG\WEB\TFG\src\main\java\es\marta\tfg\carescan\SampleData.java. Using fallback presentation compiler.
2026.02.02 12:30:14 INFO  no build target found for C:\Users\marta\Documents\DOBLE GRADO\4º carrera\TFG\WEB\TFG\src\main\java\es\marta\tfg\carescan\SampleData.java. Using fallback presentation compiler.
2026.02.02 12:30:14 INFO  no build target found for C:\Users\marta\Documents\DOBLE GRADO\4º carrera\TFG\WEB\TFG\src\main\java\es\marta\tfg\carescan\SampleData.java. Using fallback presentation compiler.
2026.02.02 12:30:14 INFO  no build target found for C:\Users\marta\Documents\DOBLE GRADO\4º carrera\TFG\WEB\TFG\src\main\java\es\marta\tfg\carescan\SampleData.java. Using fallback presentation compiler.
2026.02.02 12:30:14 INFO  no build target found for C:\Users\marta\Documents\DOBLE GRADO\4º carrera\TFG\WEB\TFG\src\main\java\es\marta\tfg\carescan\SampleData.java. Using fallback presentation compiler.
2026.02.02 12:30:14 INFO  no build target found for C:\Users\marta\Documents\DOBLE GRADO\4º carrera\TFG\WEB\TFG\src\main\java\es\marta\tfg\carescan\SampleData.java. Using fallback presentation compiler.
2026.02.02 12:30:15 INFO  no build target found for C:\Users\marta\Documents\DOBLE GRADO\4º carrera\TFG\WEB\TFG\src\main\java\es\marta\tfg\carescan\SampleData.java. Using fallback presentation compiler.
2026.02.02 12:30:15 INFO  no build target found for C:\Users\marta\Documents\DOBLE GRADO\4º carrera\TFG\WEB\TFG\src\main\java\es\marta\tfg\carescan\SampleData.java. Using fallback presentation compiler.
2026.02.02 12:30:15 INFO  no build target found for C:\Users\marta\Documents\DOBLE GRADO\4º carrera\TFG\WEB\TFG\src\main\java\es\marta\tfg\carescan\SampleData.java. Using fallback presentation compiler.
2026.02.02 12:30:15 INFO  no build target found for C:\Users\marta\Documents\DOBLE GRADO\4º carrera\TFG\WEB\TFG\src\main\java\es\marta\tfg\carescan\SampleData.java. Using fallback presentation compiler.
2026.02.02 12:30:15 INFO  no build target found for C:\Users\marta\Documents\DOBLE GRADO\4º carrera\TFG\WEB\TFG\src\main\java\es\marta\tfg\carescan\SampleData.java. Using fallback presentation compiler.
2026.02.02 12:30:15 INFO  no build target found for C:\Users\marta\Documents\DOBLE GRADO\4º carrera\TFG\WEB\TFG\src\main\java\es\marta\tfg\carescan\SampleData.java. Using fallback presentation compiler.
2026.02.02 12:30:16 INFO  no build target found for C:\Users\marta\Documents\DOBLE GRADO\4º carrera\TFG\WEB\TFG\src\main\java\es\marta\tfg\carescan\SampleData.java. Using fallback presentation compiler.
2026.02.02 12:30:16 WARN  no build target for: C:\Users\marta\Documents\DOBLE GRADO\4º carrera\TFG\WEB\TFG\src\main\java\es\marta\tfg\carescan\SampleData.java
2026.02.02 12:30:16 INFO  no build target found for C:\Users\marta\Documents\DOBLE GRADO\4º carrera\TFG\WEB\TFG\src\main\java\es\marta\tfg\carescan\SampleData.java. Using fallback presentation compiler.
2026.02.02 12:30:16 WARN  Running javac-semanticdb failed for file:///C:/Users/marta/Documents/DOBLE%20GRADO/4º%20carrera/TFG/WEB/TFG/src/main/java/es/marta/tfg/carescan/SampleData.java. Output:

2026.02.02 12:30:16 INFO  no build target found for C:\Users\marta\Documents\DOBLE GRADO\4º carrera\TFG\WEB\TFG\src\main\java\es\marta\tfg\carescan\SampleData.java. Using fallback presentation compiler.
2026.02.02 12:30:16 INFO  no build target found for C:\Users\marta\Documents\DOBLE GRADO\4º carrera\TFG\WEB\TFG\src\main\java\es\marta\tfg\carescan\SampleData.java. Using fallback presentation compiler.
2026.02.02 12:30:16 INFO  no build target found for C:\Users\marta\Documents\DOBLE GRADO\4º carrera\TFG\WEB\TFG\src\main\java\es\marta\tfg\carescan\SampleData.java. Using fallback presentation compiler.
2026.02.02 12:30:17 INFO  no build target found for C:\Users\marta\Documents\DOBLE GRADO\4º carrera\TFG\WEB\TFG\src\main\java\es\marta\tfg\carescan\SampleData.java. Using fallback presentation compiler.
2026.02.02 12:30:19 INFO  no build target found for C:\Users\marta\Documents\DOBLE GRADO\4º carrera\TFG\WEB\TFG\src\main\java\es\marta\tfg\carescan\SampleData.java. Using fallback presentation compiler.
2026.02.02 12:30:19 INFO  no build target found for C:\Users\marta\Documents\DOBLE GRADO\4º carrera\TFG\WEB\TFG\src\main\java\es\marta\tfg\carescan\SampleData.java. Using fallback presentation compiler.
2026.02.02 12:30:19 INFO  no build target found for C:\Users\marta\Documents\DOBLE GRADO\4º carrera\TFG\WEB\TFG\src\main\java\es\marta\tfg\carescan\SampleData.java. Using fallback presentation compiler.
2026.02.02 12:30:19 INFO  no build target found for C:\Users\marta\Documents\DOBLE GRADO\4º carrera\TFG\WEB\TFG\src\main\java\es\marta\tfg\carescan\SampleData.java. Using fallback presentation compiler.
2026.02.02 12:30:20 INFO  no build target found for C:\Users\marta\Documents\DOBLE GRADO\4º carrera\TFG\WEB\TFG\src\main\java\es\marta\tfg\carescan\SampleData.java. Using fallback presentation compiler.
2026.02.02 12:30:20 INFO  no build target found for C:\Users\marta\Documents\DOBLE GRADO\4º carrera\TFG\WEB\TFG\src\main\java\es\marta\tfg\carescan\SampleData.java. Using fallback presentation compiler.
2026.02.02 12:30:20 INFO  no build target found for C:\Users\marta\Documents\DOBLE GRADO\4º carrera\TFG\WEB\TFG\src\main\java\es\marta\tfg\carescan\SampleData.java. Using fallback presentation compiler.
2026.02.02 12:30:20 INFO  no build target found for C:\Users\marta\Documents\DOBLE GRADO\4º carrera\TFG\WEB\TFG\src\main\java\es\marta\tfg\carescan\SampleData.java. Using fallback presentation compiler.
2026.02.02 12:30:21 INFO  no build target found for C:\Users\marta\Documents\DOBLE GRADO\4º carrera\TFG\WEB\TFG\src\main\java\es\marta\tfg\carescan\SampleData.java. Using fallback presentation compiler.
2026.02.02 12:30:22 INFO  no build target found for C:\Users\marta\Documents\DOBLE GRADO\4º carrera\TFG\WEB\TFG\src\main\java\es\marta\tfg\carescan\SampleData.java. Using fallback presentation compiler.
2026.02.02 12:30:22 INFO  no build target found for C:\Users\marta\Documents\DOBLE GRADO\4º carrera\TFG\WEB\TFG\src\main\java\es\marta\tfg\carescan\SampleData.java. Using fallback presentation compiler.
2026.02.02 12:30:22 INFO  no build target found for C:\Users\marta\Documents\DOBLE GRADO\4º carrera\TFG\WEB\TFG\src\main\java\es\marta\tfg\carescan\SampleData.java. Using fallback presentation compiler.
2026.02.02 12:30:22 INFO  no build target found for C:\Users\marta\Documents\DOBLE GRADO\4º carrera\TFG\WEB\TFG\src\main\java\es\marta\tfg\carescan\SampleData.java. Using fallback presentation compiler.
2026.02.02 12:30:22 INFO  no build target found for C:\Users\marta\Documents\DOBLE GRADO\4º carrera\TFG\WEB\TFG\src\main\java\es\marta\tfg\carescan\SampleData.java. Using fallback presentation compiler.
2026.02.02 12:30:23 INFO  no build target found for C:\Users\marta\Documents\DOBLE GRADO\4º carrera\TFG\WEB\TFG\src\main\java\es\marta\tfg\carescan\SampleData.java. Using fallback presentation compiler.
2026.02.02 12:30:22 INFO  no build target found for C:\Users\marta\Documents\DOBLE GRADO\4º carrera\TFG\WEB\TFG\src\main\java\es\marta\tfg\carescan\SampleData.java. Using fallback presentation compiler.
2026.02.02 12:30:22 INFO  no build target found for C:\Users\marta\Documents\DOBLE GRADO\4º carrera\TFG\WEB\TFG\src\main\java\es\marta\tfg\carescan\SampleData.java. Using fallback presentation compiler.
2026.02.02 12:30:23 INFO  no build target found for C:\Users\marta\Documents\DOBLE GRADO\4º carrera\TFG\WEB\TFG\src\main\java\es\marta\tfg\carescan\SampleData.java. Using fallback presentation compiler.
2026.02.02 12:30:24 INFO  no build target found for C:\Users\marta\Documents\DOBLE GRADO\4º carrera\TFG\WEB\TFG\src\main\java\es\marta\tfg\carescan\SampleData.java. Using fallback presentation compiler.
2026.02.02 12:30:24 INFO  no build target found for C:\Users\marta\Documents\DOBLE GRADO\4º carrera\TFG\WEB\TFG\src\main\java\es\marta\tfg\carescan\SampleData.java. Using fallback presentation compiler.
2026.02.02 12:30:24 INFO  no build target found for C:\Users\marta\Documents\DOBLE GRADO\4º carrera\TFG\WEB\TFG\src\main\java\es\marta\tfg\carescan\SampleData.java. Using fallback presentation compiler.
2026.02.02 12:30:24 INFO  no build target found for C:\Users\marta\Documents\DOBLE GRADO\4º carrera\TFG\WEB\TFG\src\main\java\es\marta\tfg\carescan\SampleData.java. Using fallback presentation compiler.
2026.02.02 12:30:24 INFO  no build target found for C:\Users\marta\Documents\DOBLE GRADO\4º carrera\TFG\WEB\TFG\src\main\java\es\marta\tfg\carescan\SampleData.java. Using fallback presentation compiler.
2026.02.02 12:30:25 INFO  no build target found for C:\Users\marta\Documents\DOBLE GRADO\4º carrera\TFG\WEB\TFG\src\main\java\es\marta\tfg\carescan\SampleData.java. Using fallback presentation compiler.
2026.02.02 12:30:25 INFO  no build target found for C:\Users\marta\Documents\DOBLE GRADO\4º carrera\TFG\WEB\TFG\src\main\java\es\marta\tfg\carescan\SampleData.java. Using fallback presentation compiler.
2026.02.02 12:30:25 INFO  no build target found for C:\Users\marta\Documents\DOBLE GRADO\4º carrera\TFG\WEB\TFG\src\main\java\es\marta\tfg\carescan\SampleData.java. Using fallback presentation compiler.
2026.02.02 12:30:25 INFO  no build target found for C:\Users\marta\Documents\DOBLE GRADO\4º carrera\TFG\WEB\TFG\src\main\java\es\marta\tfg\carescan\SampleData.java. Using fallback presentation compiler.
2026.02.02 12:30:26 WARN  no build target for: C:\Users\marta\Documents\DOBLE GRADO\4º carrera\TFG\WEB\TFG\src\main\java\es\marta\tfg\carescan\SampleData.java
2026.02.02 12:30:26 INFO  no build target found for C:\Users\marta\Documents\DOBLE GRADO\4º carrera\TFG\WEB\TFG\src\main\java\es\marta\tfg\carescan\SampleData.java. Using fallback presentation compiler.
2026.02.02 12:30:25 WARN  Running javac-semanticdb failed for file:///C:/Users/marta/Documents/DOBLE%20GRADO/4º%20carrera/TFG/WEB/TFG/src/main/java/es/marta/tfg/carescan/SampleData.java. Output:

2026.02.02 12:30:26 INFO  no build target found for C:\Users\marta\Documents\DOBLE GRADO\4º carrera\TFG\WEB\TFG\src\main\java\es\marta\tfg\carescan\SampleData.java. Using fallback presentation compiler.
2026.02.02 12:30:26 INFO  no build target found for C:\Users\marta\Documents\DOBLE GRADO\4º carrera\TFG\WEB\TFG\src\main\java\es\marta\tfg\carescan\SampleData.java. Using fallback presentation compiler.
2026.02.02 12:30:33 WARN  no build target for: C:\Users\marta\Documents\DOBLE GRADO\4º carrera\TFG\WEB\TFG\src\main\java\es\marta\tfg\carescan\SampleData.java
2026.02.02 12:30:33 INFO  no build target found for C:\Users\marta\Documents\DOBLE GRADO\4º carrera\TFG\WEB\TFG\src\main\java\es\marta\tfg\carescan\SampleData.java. Using fallback presentation compiler.
2026.02.02 12:30:34 INFO  no build target found for C:\Users\marta\Documents\DOBLE GRADO\4º carrera\TFG\WEB\TFG\src\main\java\es\marta\tfg\carescan\SampleData.java. Using fallback presentation compiler.
2026.02.02 12:30:34 INFO  no build target found for C:\Users\marta\Documents\DOBLE GRADO\4º carrera\TFG\WEB\TFG\src\main\java\es\marta\tfg\carescan\SampleData.java. Using fallback presentation compiler.
2026.02.02 12:32:04 INFO  no build target found for C:\Users\marta\Documents\DOBLE GRADO\4º carrera\TFG\WEB\TFG\src\main\java\es\marta\tfg\carescan\SampleData.java. Using fallback presentation compiler.
2026.02.02 12:32:13 INFO  no build target found for C:\Users\marta\Documents\DOBLE GRADO\4º carrera\TFG\WEB\TFG\src\main\java\es\marta\tfg\carescan\SampleData.java. Using fallback presentation compiler.
2026.02.02 12:32:17 INFO  no build target found for C:\Users\marta\Documents\DOBLE GRADO\4º carrera\TFG\WEB\TFG\src\main\java\es\marta\tfg\carescan\security\SecurityConfiguration.java. Using fallback presentation compiler.
2026.02.02 12:32:17 INFO  no build target found for C:\Users\marta\Documents\DOBLE GRADO\4º carrera\TFG\WEB\TFG\src\main\java\es\marta\tfg\carescan\security\SecurityConfiguration.java. Using fallback presentation compiler.
2026.02.02 12:32:17 INFO  no build target found for C:\Users\marta\Documents\DOBLE GRADO\4º carrera\TFG\WEB\TFG\src\main\java\es\marta\tfg\carescan\security\SecurityConfiguration.java. Using fallback presentation compiler.
2026.02.02 12:32:17 INFO  no build target found for C:\Users\marta\Documents\DOBLE GRADO\4º carrera\TFG\WEB\TFG\src\main\java\es\marta\tfg\carescan\security\SecurityConfiguration.java. Using fallback presentation compiler.
2026.02.02 12:32:20 INFO  no build target found for C:\Users\marta\Documents\DOBLE GRADO\4º carrera\TFG\WEB\TFG\src\main\java\es\marta\tfg\carescan\security\SecurityConfiguration.java. Using fallback presentation compiler.
2026.02.02 12:32:25 INFO  no build target found for C:\Users\marta\Documents\DOBLE GRADO\4º carrera\TFG\WEB\TFG\src\main\java\es\marta\tfg\carescan\security\SecurityConfiguration.java. Using fallback presentation compiler.
2026.02.02 12:32:35 INFO  no build target found for C:\Users\marta\Documents\DOBLE GRADO\4º carrera\TFG\WEB\TFG\src\main\java\es\marta\tfg\carescan\security\SecurityConfiguration.java. Using fallback presentation compiler.
feb 02, 2026 12:32:44 P. M. org.eclipse.lsp4j.jsonrpc.RemoteEndpoint handleCancellation
WARNING: Unmatched cancel notification for request id 1119
2026.02.02 12:32:54 INFO  no build target found for C:\Users\marta\Documents\DOBLE GRADO\4º carrera\TFG\WEB\TFG\src\main\java\es\marta\tfg\carescan\security\SecurityConfiguration.java. Using fallback presentation compiler.
2026.02.02 12:34:44 INFO  no build target found for C:\Users\marta\Documents\DOBLE GRADO\4º carrera\TFG\WEB\TFG\src\main\java\es\marta\tfg\carescan\security\SecurityConfiguration.java. Using fallback presentation compiler.
2026.02.02 12:34:50 INFO  no build target found for C:\Users\marta\Documents\DOBLE GRADO\4º carrera\TFG\WEB\TFG\src\main\java\es\marta\tfg\carescan\security\SecurityConfiguration.java. Using fallback presentation compiler.
2026.02.02 12:34:50 INFO  no build target found for C:\Users\marta\Documents\DOBLE GRADO\4º carrera\TFG\WEB\TFG\src\main\java\es\marta\tfg\carescan\security\SecurityConfiguration.java. Using fallback presentation compiler.
2026.02.02 12:34:50 INFO  no build target found for C:\Users\marta\Documents\DOBLE GRADO\4º carrera\TFG\WEB\TFG\src\main\java\es\marta\tfg\carescan\security\SecurityConfiguration.java. Using fallback presentation compiler.
2026.02.02 12:34:51 INFO  no build target found for C:\Users\marta\Documents\DOBLE GRADO\4º carrera\TFG\WEB\TFG\src\main\java\es\marta\tfg\carescan\security\SecurityConfiguration.java. Using fallback presentation compiler.
2026.02.02 12:34:51 INFO  no build target found for C:\Users\marta\Documents\DOBLE GRADO\4º carrera\TFG\WEB\TFG\src\main\java\es\marta\tfg\carescan\security\SecurityConfiguration.java. Using fallback presentation compiler.
2026.02.02 12:34:53 INFO  no build target found for C:\Users\marta\Documents\DOBLE GRADO\4º carrera\TFG\WEB\TFG\src\main\java\es\marta\tfg\carescan\security\SecurityConfiguration.java. Using fallback presentation compiler.
2026.02.02 12:34:55 INFO  no build target found for C:\Users\marta\Documents\DOBLE GRADO\4º carrera\TFG\WEB\TFG\src\main\java\es\marta\tfg\carescan\security\SecurityConfiguration.java. Using fallback presentation compiler.
2026.02.02 12:34:55 INFO  no build target found for C:\Users\marta\Documents\DOBLE GRADO\4º carrera\TFG\WEB\TFG\src\main\java\es\marta\tfg\carescan\security\SecurityConfiguration.java. Using fallback presentation compiler.
2026.02.02 12:35:00 INFO  no build target found for C:\Users\marta\Documents\DOBLE GRADO\4º carrera\TFG\WEB\TFG\src\main\java\es\marta\tfg\carescan\security\SecurityConfiguration.java. Using fallback presentation compiler.
2026.02.02 12:35:00 INFO  no build target found for C:\Users\marta\Documents\DOBLE GRADO\4º carrera\TFG\WEB\TFG\src\main\java\es\marta\tfg\carescan\security\SecurityConfiguration.java. Using fallback presentation compiler.
2026.02.02 12:35:01 INFO  no build target found for C:\Users\marta\Documents\DOBLE GRADO\4º carrera\TFG\WEB\TFG\src\main\java\es\marta\tfg\carescan\security\SecurityConfiguration.java. Using fallback presentation compiler.
2026.02.02 12:35:01 INFO  no build target found for C:\Users\marta\Documents\DOBLE GRADO\4º carrera\TFG\WEB\TFG\src\main\java\es\marta\tfg\carescan\security\SecurityConfiguration.java. Using fallback presentation compiler.
2026.02.02 12:35:01 INFO  no build target found for C:\Users\marta\Documents\DOBLE GRADO\4º carrera\TFG\WEB\TFG\src\main\java\es\marta\tfg\carescan\security\SecurityConfiguration.java. Using fallback presentation compiler.
2026.02.02 12:35:02 INFO  no build target found for C:\Users\marta\Documents\DOBLE GRADO\4º carrera\TFG\WEB\TFG\src\main\java\es\marta\tfg\carescan\security\SecurityConfiguration.java. Using fallback presentation compiler.
2026.02.02 12:35:02 WARN  no build target for: C:\Users\marta\Documents\DOBLE GRADO\4º carrera\TFG\WEB\TFG\src\main\java\es\marta\tfg\carescan\security\SecurityConfiguration.java
2026.02.02 12:35:02 INFO  no build target found for C:\Users\marta\Documents\DOBLE GRADO\4º carrera\TFG\WEB\TFG\src\main\java\es\marta\tfg\carescan\security\SecurityConfiguration.java. Using fallback presentation compiler.
2026.02.02 12:35:02 INFO  no build target found for C:\Users\marta\Documents\DOBLE GRADO\4º carrera\TFG\WEB\TFG\src\main\java\es\marta\tfg\carescan\security\SecurityConfiguration.java. Using fallback presentation compiler.
2026.02.02 12:35:02 WARN  Running javac-semanticdb failed for file:///C:/Users/marta/Documents/DOBLE%20GRADO/4º%20carrera/TFG/WEB/TFG/src/main/java/es/marta/tfg/carescan/security/SecurityConfiguration.java. Output:

2026.02.02 12:35:03 INFO  no build target found for C:\Users\marta\Documents\DOBLE GRADO\4º carrera\TFG\WEB\TFG\src\main\java\es\marta\tfg\carescan\security\SecurityConfiguration.java. Using fallback presentation compiler.
2026.02.02 12:35:03 WARN  no build target for: C:\Users\marta\Documents\DOBLE GRADO\4º carrera\TFG\WEB\TFG\src\main\java\es\marta\tfg\carescan\security\SecurityConfiguration.java
2026.02.02 12:35:03 INFO  no build target found for C:\Users\marta\Documents\DOBLE GRADO\4º carrera\TFG\WEB\TFG\src\main\java\es\marta\tfg\carescan\security\SecurityConfiguration.java. Using fallback presentation compiler.
2026.02.02 12:35:04 WARN  Running javac-semanticdb failed for file:///C:/Users/marta/Documents/DOBLE%20GRADO/4º%20carrera/TFG/WEB/TFG/src/main/java/es/marta/tfg/carescan/security/SecurityConfiguration.java. Output:

2026.02.02 12:35:04 INFO  no build target found for C:\Users\marta\Documents\DOBLE GRADO\4º carrera\TFG\WEB\TFG\src\main\java\es\marta\tfg\carescan\security\SecurityConfiguration.java. Using fallback presentation compiler.
2026.02.02 12:35:04 INFO  no build target found for C:\Users\marta\Documents\DOBLE GRADO\4º carrera\TFG\WEB\TFG\src\main\java\es\marta\tfg\carescan\security\SecurityConfiguration.java. Using fallback presentation compiler.
2026.02.02 12:35:06 INFO  no build target found for C:\Users\marta\Documents\DOBLE GRADO\4º carrera\TFG\WEB\TFG\src\main\java\es\marta\tfg\carescan\security\SecurityConfiguration.java. Using fallback presentation compiler.
2026.02.02 12:35:06 INFO  no build target found for C:\Users\marta\Documents\DOBLE GRADO\4º carrera\TFG\WEB\TFG\src\main\java\es\marta\tfg\carescan\security\SecurityConfiguration.java. Using fallback presentation compiler.
2026.02.02 12:35:06 INFO  no build target found for C:\Users\marta\Documents\DOBLE GRADO\4º carrera\TFG\WEB\TFG\src\main\java\es\marta\tfg\carescan\security\SecurityConfiguration.java. Using fallback presentation compiler.
2026.02.02 12:35:06 INFO  no build target found for C:\Users\marta\Documents\DOBLE GRADO\4º carrera\TFG\WEB\TFG\src\main\java\es\marta\tfg\carescan\security\SecurityConfiguration.java. Using fallback presentation compiler.
2026.02.02 12:35:06 INFO  no build target found for C:\Users\marta\Documents\DOBLE GRADO\4º carrera\TFG\WEB\TFG\src\main\java\es\marta\tfg\carescan\security\SecurityConfiguration.java. Using fallback presentation compiler.
2026.02.02 12:35:07 WARN  no build target for: C:\Users\marta\Documents\DOBLE GRADO\4º carrera\TFG\WEB\TFG\src\main\java\es\marta\tfg\carescan\security\SecurityConfiguration.java
2026.02.02 12:35:07 WARN  Running javac-semanticdb failed for file:///C:/Users/marta/Documents/DOBLE%20GRADO/4º%20carrera/TFG/WEB/TFG/src/main/java/es/marta/tfg/carescan/security/SecurityConfiguration.java. Output:

2026.02.02 12:35:08 INFO  no build target found for C:\Users\marta\Documents\DOBLE GRADO\4º carrera\TFG\WEB\TFG\src\main\java\es\marta\tfg\carescan\security\SecurityConfiguration.java. Using fallback presentation compiler.
2026.02.02 12:35:08 INFO  no build target found for C:\Users\marta\Documents\DOBLE GRADO\4º carrera\TFG\WEB\TFG\src\main\java\es\marta\tfg\carescan\security\SecurityConfiguration.java. Using fallback presentation compiler.
2026.02.02 12:35:09 INFO  no build target found for C:\Users\marta\Documents\DOBLE GRADO\4º carrera\TFG\WEB\TFG\src\main\java\es\marta\tfg\carescan\security\SecurityConfiguration.java. Using fallback presentation compiler.
2026.02.02 12:35:10 INFO  no build target found for C:\Users\marta\Documents\DOBLE GRADO\4º carrera\TFG\WEB\TFG\src\main\java\es\marta\tfg\carescan\security\SecurityConfiguration.java. Using fallback presentation compiler.
2026.02.02 12:35:12 INFO  no build target found for C:\Users\marta\Documents\DOBLE GRADO\4º carrera\TFG\WEB\TFG\src\main\java\es\marta\tfg\carescan\security\SecurityConfiguration.java. Using fallback presentation compiler.
2026.02.02 12:35:12 INFO  no build target found for C:\Users\marta\Documents\DOBLE GRADO\4º carrera\TFG\WEB\TFG\src\main\java\es\marta\tfg\carescan\security\SecurityConfiguration.java. Using fallback presentation compiler.
2026.02.02 12:35:13 INFO  no build target found for C:\Users\marta\Documents\DOBLE GRADO\4º carrera\TFG\WEB\TFG\src\main\java\es\marta\tfg\carescan\security\SecurityConfiguration.java. Using fallback presentation compiler.
2026.02.02 12:35:15 INFO  no build target found for C:\Users\marta\Documents\DOBLE GRADO\4º carrera\TFG\WEB\TFG\src\main\java\es\marta\tfg\carescan\security\SecurityConfiguration.java. Using fallback presentation compiler.
2026.02.02 12:35:15 INFO  no build target found for C:\Users\marta\Documents\DOBLE GRADO\4º carrera\TFG\WEB\TFG\src\main\java\es\marta\tfg\carescan\security\SecurityConfiguration.java. Using fallback presentation compiler.
2026.02.02 12:35:15 INFO  no build target found for C:\Users\marta\Documents\DOBLE GRADO\4º carrera\TFG\WEB\TFG\src\main\java\es\marta\tfg\carescan\security\SecurityConfiguration.java. Using fallback presentation compiler.
2026.02.02 12:35:17 INFO  no build target found for C:\Users\marta\Documents\DOBLE GRADO\4º carrera\TFG\WEB\TFG\src\main\java\es\marta\tfg\carescan\security\SecurityConfiguration.java. Using fallback presentation compiler.
2026.02.02 12:35:17 INFO  no build target found for C:\Users\marta\Documents\DOBLE GRADO\4º carrera\TFG\WEB\TFG\src\main\java\es\marta\tfg\carescan\security\SecurityConfiguration.java. Using fallback presentation compiler.
2026.02.02 12:35:17 INFO  no build target found for C:\Users\marta\Documents\DOBLE GRADO\4º carrera\TFG\WEB\TFG\src\main\java\es\marta\tfg\carescan\security\SecurityConfiguration.java. Using fallback presentation compiler.
2026.02.02 12:35:18 INFO  no build target found for C:\Users\marta\Documents\DOBLE GRADO\4º carrera\TFG\WEB\TFG\src\main\java\es\marta\tfg\carescan\security\SecurityConfiguration.java. Using fallback presentation compiler.
2026.02.02 12:35:18 INFO  no build target found for C:\Users\marta\Documents\DOBLE GRADO\4º carrera\TFG\WEB\TFG\src\main\java\es\marta\tfg\carescan\security\SecurityConfiguration.java. Using fallback presentation compiler.
2026.02.02 12:35:18 INFO  no build target found for C:\Users\marta\Documents\DOBLE GRADO\4º carrera\TFG\WEB\TFG\src\main\java\es\marta\tfg\carescan\security\SecurityConfiguration.java. Using fallback presentation compiler.
2026.02.02 12:35:18 INFO  no build target found for C:\Users\marta\Documents\DOBLE GRADO\4º carrera\TFG\WEB\TFG\src\main\java\es\marta\tfg\carescan\security\SecurityConfiguration.java. Using fallback presentation compiler.
feb 02, 2026 12:35:18 P. M. org.eclipse.lsp4j.jsonrpc.RemoteEndpoint handleCancellation
WARNING: Unmatched cancel notification for request id 1276
2026.02.02 12:35:18 INFO  no build target found for C:\Users\marta\Documents\DOBLE GRADO\4º carrera\TFG\WEB\TFG\src\main\java\es\marta\tfg\carescan\security\SecurityConfiguration.java. Using fallback presentation compiler.
2026.02.02 12:35:19 INFO  no build target found for C:\Users\marta\Documents\DOBLE GRADO\4º carrera\TFG\WEB\TFG\src\main\java\es\marta\tfg\carescan\security\SecurityConfiguration.java. Using fallback presentation compiler.
2026.02.02 12:35:19 WARN  no build target for: C:\Users\marta\Documents\DOBLE GRADO\4º carrera\TFG\WEB\TFG\src\main\java\es\marta\tfg\carescan\security\SecurityConfiguration.java
2026.02.02 12:35:20 WARN  Running javac-semanticdb failed for file:///C:/Users/marta/Documents/DOBLE%20GRADO/4º%20carrera/TFG/WEB/TFG/src/main/java/es/marta/tfg/carescan/security/SecurityConfiguration.java. Output:

2026.02.02 12:35:20 INFO  no build target found for C:\Users\marta\Documents\DOBLE GRADO\4º carrera\TFG\WEB\TFG\src\main\java\es\marta\tfg\carescan\security\SecurityConfiguration.java. Using fallback presentation compiler.
2026.02.02 12:35:20 INFO  no build target found for C:\Users\marta\Documents\DOBLE GRADO\4º carrera\TFG\WEB\TFG\src\main\java\es\marta\tfg\carescan\security\SecurityConfiguration.java. Using fallback presentation compiler.
2026.02.02 12:35:22 INFO  no build target found for C:\Users\marta\Documents\DOBLE GRADO\4º carrera\TFG\WEB\TFG\src\main\java\es\marta\tfg\carescan\security\SecurityConfiguration.java. Using fallback presentation compiler.
2026.02.02 12:35:22 INFO  no build target found for C:\Users\marta\Documents\DOBLE GRADO\4º carrera\TFG\WEB\TFG\src\main\java\es\marta\tfg\carescan\security\SecurityConfiguration.java. Using fallback presentation compiler.
2026.02.02 12:35:22 INFO  no build target found for C:\Users\marta\Documents\DOBLE GRADO\4º carrera\TFG\WEB\TFG\src\main\java\es\marta\tfg\carescan\security\SecurityConfiguration.java. Using fallback presentation compiler.
2026.02.02 12:35:22 INFO  no build target found for C:\Users\marta\Documents\DOBLE GRADO\4º carrera\TFG\WEB\TFG\src\main\java\es\marta\tfg\carescan\security\SecurityConfiguration.java. Using fallback presentation compiler.
2026.02.02 12:35:22 INFO  no build target found for C:\Users\marta\Documents\DOBLE GRADO\4º carrera\TFG\WEB\TFG\src\main\java\es\marta\tfg\carescan\security\SecurityConfiguration.java. Using fallback presentation compiler.
feb 02, 2026 12:35:23 P. M. org.eclipse.lsp4j.jsonrpc.RemoteEndpoint handleCancellation
WARNING: Unmatched cancel notification for request id 1299
2026.02.02 12:35:23 WARN  no build target for: C:\Users\marta\Documents\DOBLE GRADO\4º carrera\TFG\WEB\TFG\src\main\java\es\marta\tfg\carescan\security\SecurityConfiguration.java
2026.02.02 12:35:23 INFO  no build target found for C:\Users\marta\Documents\DOBLE GRADO\4º carrera\TFG\WEB\TFG\src\main\java\es\marta\tfg\carescan\security\SecurityConfiguration.java. Using fallback presentation compiler.
2026.02.02 12:35:24 WARN  Running javac-semanticdb failed for file:///C:/Users/marta/Documents/DOBLE%20GRADO/4º%20carrera/TFG/WEB/TFG/src/main/java/es/marta/tfg/carescan/security/SecurityConfiguration.java. Output:

2026.02.02 12:35:24 INFO  no build target found for C:\Users\marta\Documents\DOBLE GRADO\4º carrera\TFG\WEB\TFG\src\main\java\es\marta\tfg\carescan\security\SecurityConfiguration.java. Using fallback presentation compiler.
2026.02.02 12:35:24 INFO  no build target found for C:\Users\marta\Documents\DOBLE GRADO\4º carrera\TFG\WEB\TFG\src\main\java\es\marta\tfg\carescan\security\SecurityConfiguration.java. Using fallback presentation compiler.
2026.02.02 12:35:24 INFO  no build target found for C:\Users\marta\Documents\DOBLE GRADO\4º carrera\TFG\WEB\TFG\src\main\java\es\marta\tfg\carescan\security\SecurityConfiguration.java. Using fallback presentation compiler.
2026.02.02 12:35:24 INFO  no build target found for C:\Users\marta\Documents\DOBLE GRADO\4º carrera\TFG\WEB\TFG\src\main\java\es\marta\tfg\carescan\security\SecurityConfiguration.java. Using fallback presentation compiler.
2026.02.02 12:35:26 INFO  no build target found for C:\Users\marta\Documents\DOBLE GRADO\4º carrera\TFG\WEB\TFG\src\main\java\es\marta\tfg\carescan\security\SecurityConfiguration.java. Using fallback presentation compiler.
2026.02.02 12:35:26 WARN  no build target for: C:\Users\marta\Documents\DOBLE GRADO\4º carrera\TFG\WEB\TFG\src\main\java\es\marta\tfg\carescan\security\SecurityConfiguration.java
2026.02.02 12:35:26 WARN  Running javac-semanticdb failed for file:///C:/Users/marta/Documents/DOBLE%20GRADO/4º%20carrera/TFG/WEB/TFG/src/main/java/es/marta/tfg/carescan/security/SecurityConfiguration.java. Output:

2026.02.02 12:35:26 INFO  no build target found for C:\Users\marta\Documents\DOBLE GRADO\4º carrera\TFG\WEB\TFG\src\main\java\es\marta\tfg\carescan\security\SecurityConfiguration.java. Using fallback presentation compiler.
2026.02.02 12:35:27 INFO  no build target found for C:\Users\marta\Documents\DOBLE GRADO\4º carrera\TFG\WEB\TFG\src\main\java\es\marta\tfg\carescan\security\SecurityConfiguration.java. Using fallback presentation compiler.
2026.02.02 12:35:27 INFO  no build target found for C:\Users\marta\Documents\DOBLE GRADO\4º carrera\TFG\WEB\TFG\src\main\java\es\marta\tfg\carescan\security\SecurityConfiguration.java. Using fallback presentation compiler.
2026.02.02 12:35:27 INFO  no build target found for C:\Users\marta\Documents\DOBLE GRADO\4º carrera\TFG\WEB\TFG\src\main\java\es\marta\tfg\carescan\security\SecurityConfiguration.java. Using fallback presentation compiler.
2026.02.02 12:35:28 INFO  no build target found for C:\Users\marta\Documents\DOBLE GRADO\4º carrera\TFG\WEB\TFG\src\main\java\es\marta\tfg\carescan\security\SecurityConfiguration.java. Using fallback presentation compiler.
2026.02.02 12:35:28 WARN  no build target for: C:\Users\marta\Documents\DOBLE GRADO\4º carrera\TFG\WEB\TFG\src\main\java\es\marta\tfg\carescan\security\SecurityConfiguration.java
2026.02.02 12:35:29 WARN  Running javac-semanticdb failed for file:///C:/Users/marta/Documents/DOBLE%20GRADO/4º%20carrera/TFG/WEB/TFG/src/main/java/es/marta/tfg/carescan/security/SecurityConfiguration.java. Output:

2026.02.02 12:35:30 INFO  no build target found for C:\Users\marta\Documents\DOBLE GRADO\4º carrera\TFG\WEB\TFG\src\main\java\es\marta\tfg\carescan\security\SecurityConfiguration.java. Using fallback presentation compiler.
2026.02.02 12:35:30 INFO  no build target found for C:\Users\marta\Documents\DOBLE GRADO\4º carrera\TFG\WEB\TFG\src\main\java\es\marta\tfg\carescan\security\SecurityConfiguration.java. Using fallback presentation compiler.
2026.02.02 12:35:30 INFO  no build target found for C:\Users\marta\Documents\DOBLE GRADO\4º carrera\TFG\WEB\TFG\src\main\java\es\marta\tfg\carescan\security\SecurityConfiguration.java. Using fallback presentation compiler.
2026.02.02 12:35:31 WARN  no build target for: C:\Users\marta\Documents\DOBLE GRADO\4º carrera\TFG\WEB\TFG\src\main\java\es\marta\tfg\carescan\security\SecurityConfiguration.java
2026.02.02 12:35:31 WARN  Running javac-semanticdb failed for file:///C:/Users/marta/Documents/DOBLE%20GRADO/4º%20carrera/TFG/WEB/TFG/src/main/java/es/marta/tfg/carescan/security/SecurityConfiguration.java. Output:

2026.02.02 12:35:32 INFO  no build target found for C:\Users\marta\Documents\DOBLE GRADO\4º carrera\TFG\WEB\TFG\src\main\java\es\marta\tfg\carescan\security\SecurityConfiguration.java. Using fallback presentation compiler.
2026.02.02 12:35:32 INFO  no build target found for C:\Users\marta\Documents\DOBLE GRADO\4º carrera\TFG\WEB\TFG\src\main\java\es\marta\tfg\carescan\security\SecurityConfiguration.java. Using fallback presentation compiler.
2026.02.02 12:35:34 INFO  no build target found for C:\Users\marta\Documents\DOBLE GRADO\4º carrera\TFG\WEB\TFG\src\main\java\es\marta\tfg\carescan\security\SecurityConfiguration.java. Using fallback presentation compiler.
2026.02.02 12:35:34 INFO  no build target found for C:\Users\marta\Documents\DOBLE GRADO\4º carrera\TFG\WEB\TFG\src\main\java\es\marta\tfg\carescan\security\SecurityConfiguration.java. Using fallback presentation compiler.
2026.02.02 12:35:34 INFO  no build target found for C:\Users\marta\Documents\DOBLE GRADO\4º carrera\TFG\WEB\TFG\src\main\java\es\marta\tfg\carescan\security\SecurityConfiguration.java. Using fallback presentation compiler.
2026.02.02 12:35:37 INFO  no build target found for C:\Users\marta\Documents\DOBLE GRADO\4º carrera\TFG\WEB\TFG\src\main\java\es\marta\tfg\carescan\security\SecurityConfiguration.java. Using fallback presentation compiler.
2026.02.02 12:35:37 WARN  no build target for: C:\Users\marta\Documents\DOBLE GRADO\4º carrera\TFG\WEB\TFG\src\main\java\es\marta\tfg\carescan\security\SecurityConfiguration.java
feb 02, 2026 12:35:37 P. M. org.eclipse.lsp4j.jsonrpc.RemoteEndpoint handleCancellation
WARNING: Unmatched cancel notification for request id 1345
feb 02, 2026 12:35:37 P. M. org.eclipse.lsp4j.jsonrpc.RemoteEndpoint handleCancellation
WARNING: Unmatched cancel notification for request id 1347
2026.02.02 12:35:37 INFO  no build target found for C:\Users\marta\Documents\DOBLE GRADO\4º carrera\TFG\WEB\TFG\src\main\java\es\marta\tfg\carescan\security\SecurityConfiguration.java. Using fallback presentation compiler.
2026.02.02 12:35:37 INFO  no build target found for C:\Users\marta\Documents\DOBLE GRADO\4º carrera\TFG\WEB\TFG\src\main\java\es\marta\tfg\carescan\security\SecurityConfiguration.java. Using fallback presentation compiler.
2026.02.02 12:35:37 WARN  Running javac-semanticdb failed for file:///C:/Users/marta/Documents/DOBLE%20GRADO/4º%20carrera/TFG/WEB/TFG/src/main/java/es/marta/tfg/carescan/security/SecurityConfiguration.java. Output:

2026.02.02 12:35:37 INFO  no build target found for C:\Users\marta\Documents\DOBLE GRADO\4º carrera\TFG\WEB\TFG\src\main\java\es\marta\tfg\carescan\security\SecurityConfiguration.java. Using fallback presentation compiler.
2026.02.02 12:35:39 WARN  High memory usage detected: 99% (2042 MB / 2048 MB)
2026.02.02 12:35:40 INFO  no build target found for C:\Users\marta\Documents\DOBLE GRADO\4º carrera\TFG\WEB\TFG\src\main\java\es\marta\tfg\carescan\security\SecurityConfiguration.java. Using fallback presentation compiler.
2026.02.02 12:35:40 INFO  no build target found for C:\Users\marta\Documents\DOBLE GRADO\4º carrera\TFG\WEB\TFG\src\main\java\es\marta\tfg\carescan\security\SecurityConfiguration.java. Using fallback presentation compiler.
feb 02, 2026 12:35:40 P. M. org.eclipse.lsp4j.jsonrpc.RemoteEndpoint handleCancellation
WARNING: Unmatched cancel notification for request id 1356
2026.02.02 12:35:40 INFO  no build target found for C:\Users\marta\Documents\DOBLE GRADO\4º carrera\TFG\WEB\TFG\src\main\java\es\marta\tfg\carescan\security\SecurityConfiguration.java. Using fallback presentation compiler.
2026.02.02 12:35:43 WARN  no build target for: C:\Users\marta\Documents\DOBLE GRADO\4º carrera\TFG\WEB\TFG\src\main\java\es\marta\tfg\carescan\security\SecurityConfiguration.java
2026.02.02 12:35:46 WARN  Running javac-semanticdb failed for file:///C:/Users/marta/Documents/DOBLE%20GRADO/4º%20carrera/TFG/WEB/TFG/src/main/java/es/marta/tfg/carescan/security/SecurityConfiguration.java. Output:

2026.02.02 12:35:47 INFO  no build target found for C:\Users\marta\Documents\DOBLE GRADO\4º carrera\TFG\WEB\TFG\src\main\java\es\marta\tfg\carescan\security\SecurityConfiguration.java. Using fallback presentation compiler.
2026.02.02 12:35:49 INFO  no build target found for C:\Users\marta\Documents\DOBLE GRADO\4º carrera\TFG\WEB\TFG\src\main\java\es\marta\tfg\carescan\security\SecurityConfiguration.java. Using fallback presentation compiler.
2026.02.02 12:35:53 INFO  no build target found for C:\Users\marta\Documents\DOBLE GRADO\4º carrera\TFG\WEB\TFG\src\main\java\es\marta\tfg\carescan\security\SecurityConfiguration.java. Using fallback presentation compiler.
An exception has occurred in the compiler (23.0.2). Please file a bug against the Java compiler via the Java bug reporting page (https://bugreport.java.com) after checking the Bug Database (https://bugs.java.com) for duplicates. Include your program, the following diagnostic, and the parameters passed to the Java compiler in your report. Thank you.
java.lang.OutOfMemoryError: Java heap space
	at jdk.zipfs/jdk.nio.zipfs.ZipFileSystem.initCEN(ZipFileSystem.java:1577)
	at jdk.zipfs/jdk.nio.zipfs.ZipFileSystem.<init>(ZipFileSystem.java:179)
	at jdk.zipfs/jdk.nio.zipfs.ZipFileSystemProvider.getZipFileSystem(ZipFileSystemProvider.java:125)
	at jdk.zipfs/jdk.nio.zipfs.ZipFileSystemProvider.newFileSystem(ZipFileSystemProvider.java:120)
	at jdk.compiler/com.sun.tools.javac.file.JavacFileManager$ArchiveContainer.<init>(JavacFileManager.java:566)
	at jdk.compiler/com.sun.tools.javac.file.JavacFileManager.getContainer(JavacFileManager.java:329)
	at jdk.compiler/com.sun.tools.javac.file.JavacFileManager.pathsAndContainers(JavacFileManager.java:1078)
	at jdk.compiler/com.sun.tools.javac.file.JavacFileManager.indexPathsAndContainersByRelativeDirectory(JavacFileManager.java:1033)
	at jdk.compiler/com.sun.tools.javac.file.JavacFileManager$$Lambda/0x0000026b1e884d90.apply(Unknown Source)
	at java.base/java.util.HashMap.computeIfAbsent(HashMap.java:1229)
	at jdk.compiler/com.sun.tools.javac.file.JavacFileManager.pathsAndContainers(JavacFileManager.java:1021)
	at jdk.compiler/com.sun.tools.javac.file.JavacFileManager.list(JavacFileManager.java:777)
	at jdk.compiler/com.sun.tools.javac.code.ClassFinder.list(ClassFinder.java:749)
	at jdk.compiler/com.sun.tools.javac.code.ClassFinder.scanUserPaths(ClassFinder.java:686)
	at jdk.compiler/com.sun.tools.javac.code.ClassFinder.fillIn(ClassFinder.java:567)
	at jdk.compiler/com.sun.tools.javac.code.ClassFinder.complete(ClassFinder.java:311)
	at jdk.compiler/com.sun.tools.javac.code.ClassFinder$$Lambda/0x0000026b1e805620.complete(Unknown Source)
	at jdk.compiler/com.sun.tools.javac.code.Symbol.complete(Symbol.java:687)
	at jdk.compiler/com.sun.tools.javac.code.Symbol$PackageSymbol.members(Symbol.java:1183)
	at jdk.compiler/com.sun.tools.javac.code.Symtab.listPackageModules(Symtab.java:902)
	at jdk.compiler/com.sun.tools.javac.comp.Enter.visitTopLevel(Enter.java:348)
	at jdk.compiler/com.sun.tools.javac.tree.JCTree$JCCompilationUnit.accept(JCTree.java:553)
	at jdk.compiler/com.sun.tools.javac.comp.Enter.classEnter(Enter.java:290)
	at jdk.compiler/com.sun.tools.javac.comp.Enter.classEnter(Enter.java:305)
	at jdk.compiler/com.sun.tools.javac.comp.Enter.complete(Enter.java:618)
	at jdk.compiler/com.sun.tools.javac.comp.Enter.main(Enter.java:599)
	at jdk.compiler/com.sun.tools.javac.main.JavaCompiler.enterTrees(JavaCompiler.java:1077)
	at jdk.compiler/com.sun.tools.javac.api.JavacTaskImpl.enter(JavacTaskImpl.java:345)
	at jdk.compiler/com.sun.tools.javac.api.JavacTaskImpl.analyze(JavacTaskImpl.java:399)
	at jdk.compiler/com.sun.tools.javac.api.JavacTaskImpl.lambda$analyze$1(JavacTaskImpl.java:379)
	at jdk.compiler/com.sun.tools.javac.api.JavacTaskImpl$$Lambda/0x0000026b1e878988.call(Unknown Source)
	at jdk.compiler/com.sun.tools.javac.api.JavacTaskImpl.invocationHelper(JavacTaskImpl.java:152)
Exception in thread "pool-1-thread-97" Exception in thread "pool-1-thread-77" java.lang.OutOfMemoryError: Java heap space
	at java.base/java.lang.Integer.valueOf(Integer.java:1019)
	at scala.runtime.BoxesRunTime.boxToInteger(BoxesRunTime.java:63)
	at scala.meta.internal.parsing.JavaFoldingRangeExtractor$.findComments$1(JavaFoldingRangeExtractor.scala:146)
	at scala.meta.internal.parsing.JavaFoldingRangeExtractor$.findComments(JavaFoldingRangeExtractor.scala:160)
	at scala.meta.internal.parsing.JavaFoldingRangeExtractor$.extract(JavaFoldingRangeExtractor.scala:180)
	at scala.meta.internal.parsing.FoldingRangeProvider.$anonfun$getRangedForJava$2(FoldingRangeProvider.scala:52)
	at scala.meta.internal.parsing.FoldingRangeProvider$$Lambda/0x0000026b1e7bcd50.apply(Unknown Source)
	at scala.Option$WithFilter.map(Option.scala:242)
	at scala.meta.internal.parsing.FoldingRangeProvider.getRangedForJava(FoldingRangeProvider.scala:48)
	at scala.meta.internal.metals.MetalsLspService.$anonfun$foldingRange$3(MetalsLspService.scala:1258)
	at scala.meta.internal.metals.MetalsLspService$$Lambda/0x0000026b1e7bc6c0.apply(Unknown Source)
	at scala.concurrent.Future$.$anonfun$apply$1(Future.scala:691)
	at scala.concurrent.Future$$$Lambda/0x0000026b1e109b30.apply(Unknown Source)
	at scala.concurrent.impl.Promise$Transformation.run(Promise.scala:500)
	at java.base/java.util.concurrent.ThreadPoolExecutor.runWorker(ThreadPoolExecutor.java:1144)
	at java.base/java.util.concurrent.ThreadPoolExecutor$Worker.run(ThreadPoolExecutor.java:642)
	at java.base/java.lang.Thread.runWith(Thread.java:1588)
	at java.base/java.lang.Thread.run(Thread.java:1575)
java.lang.OutOfMemoryError: Java heap space
	at java.base/java.lang.Integer.valueOf(Integer.java:1019)
	at scala.runtime.BoxesRunTime.boxToInteger(BoxesRunTime.java:63)
	at scala.meta.internal.parsing.JavaFoldingRangeExtractor$.findComments$1(JavaFoldingRangeExtractor.scala:146)
	at scala.meta.internal.parsing.JavaFoldingRangeExtractor$.findComments(JavaFoldingRangeExtractor.scala:160)
	at scala.meta.internal.parsing.JavaFoldingRangeExtractor$.extract(JavaFoldingRangeExtractor.scala:180)
	at scala.meta.internal.parsing.FoldingRangeProvider.$anonfun$getRangedForJava$2(FoldingRangeProvider.scala:52)
	at scala.meta.internal.parsing.FoldingRangeProvider$$Lambda/0x0000026b1e7bcd50.apply(Unknown Source)
	at scala.Option$WithFilter.map(Option.scala:242)
	at scala.meta.internal.parsing.FoldingRangeProvider.getRangedForJava(FoldingRangeProvider.scala:48)
	at scala.meta.internal.metals.MetalsLspService.$anonfun$foldingRange$3(MetalsLspService.scala:1258)
	at scala.meta.internal.metals.MetalsLspService$$Lambda/0x0000026b1e7bc6c0.apply(Unknown Source)
	at scala.concurrent.Future$.$anonfun$apply$1(Future.scala:691)
	at scala.concurrent.Future$$$Lambda/0x0000026b1e109b30.apply(Unknown Source)
	at scala.concurrent.impl.Promise$Transformation.run(Promise.scala:500)
	at java.base/java.util.concurrent.ThreadPoolExecutor.runWorker(ThreadPoolExecutor.java:1144)
	at java.base/java.util.concurrent.ThreadPoolExecutor$Worker.run(ThreadPoolExecutor.java:642)
	at java.base/java.lang.Thread.runWith(Thread.java:1588)
	at java.base/java.lang.Thread.run(Thread.java:1575)
2026.02.02 12:36:33 INFO  no build target found for C:\Users\marta\Documents\DOBLE GRADO\4º carrera\TFG\WEB\TFG\src\main\java\es\marta\tfg\carescan\controller\GeneralController.java. Using fallback presentation compiler.
feb 02, 2026 12:36:34 P. M. org.eclipse.lsp4j.jsonrpc.RemoteEndpoint handleCancellation
WARNING: Unmatched cancel notification for request id 1364
2026.02.02 12:36:34 INFO  no build target found for C:\Users\marta\Documents\DOBLE GRADO\4º carrera\TFG\WEB\TFG\src\main\java\es\marta\tfg\carescan\controller\GeneralController.java. Using fallback presentation compiler.
2026.02.02 12:36:33 INFO  no build target found for C:\Users\marta\Documents\DOBLE GRADO\4º carrera\TFG\WEB\TFG\src\main\java\es\marta\tfg\carescan\controller\GeneralController.java. Using fallback presentation compiler.
feb 02, 2026 12:36:34 P. M. org.eclipse.lsp4j.jsonrpc.RemoteEndpoint handleCancellation
WARNING: Unmatched cancel notification for request id 1367
2026.02.02 12:36:33 INFO  no build target found for C:\Users\marta\Documents\DOBLE GRADO\4º carrera\TFG\WEB\TFG\src\main\java\es\marta\tfg\carescan\controller\GeneralController.java. Using fallback presentation compiler.
2026.02.02 12:36:33 INFO  no build target found for C:\Users\marta\Documents\DOBLE GRADO\4º carrera\TFG\WEB\TFG\src\main\java\es\marta\tfg\carescan\controller\GeneralController.java. Using fallback presentation compiler.
feb 02, 2026 12:36:34 P. M. org.eclipse.lsp4j.jsonrpc.RemoteEndpoint handleCancellation
WARNING: Unmatched cancel notification for request id 1372
2026.02.02 12:36:33 INFO  no build target found for C:\Users\marta\Documents\DOBLE GRADO\4º carrera\TFG\WEB\TFG\src\main\java\es\marta\tfg\carescan\controller\GeneralController.java. Using fallback presentation compiler.
2026.02.02 12:36:33 INFO  no build target found for C:\Users\marta\Documents\DOBLE GRADO\4º carrera\TFG\WEB\TFG\src\main\java\es\marta\tfg\carescan\controller\GeneralController.java. Using fallback presentation compiler.
2026.02.02 12:36:33 INFO  no build target found for C:\Users\marta\Documents\DOBLE GRADO\4º carrera\TFG\WEB\TFG\src\main\java\es\marta\tfg\carescan\controller\GeneralController.java. Using fallback presentation compiler.
2026.02.02 12:36:33 INFO  no build target found for C:\Users\marta\Documents\DOBLE GRADO\4º carrera\TFG\WEB\TFG\src\main\java\es\marta\tfg\carescan\controller\GeneralController.java. Using fallback presentation compiler.
feb 02, 2026 12:36:35 P. M. org.eclipse.lsp4j.jsonrpc.RemoteEndpoint handleCancellation
WARNING: Unmatched cancel notification for request id 1374
feb 02, 2026 12:36:35 P. M. org.eclipse.lsp4j.jsonrpc.RemoteEndpoint handleCancellation
WARNING: Unmatched cancel notification for request id 1377
2026.02.02 12:36:35 INFO  no build target found for C:\Users\marta\Documents\DOBLE GRADO\4º carrera\TFG\WEB\TFG\src\main\java\es\marta\tfg\carescan\controller\GeneralController.java. Using fallback presentation compiler.
2026.02.02 12:36:37 INFO  no build target found for C:\Users\marta\Documents\DOBLE GRADO\4º carrera\TFG\WEB\TFG\src\main\java\es\marta\tfg\carescan\controller\GeneralController.java. Using fallback presentation compiler.
2026.02.02 12:36:39 INFO  no build target found for C:\Users\marta\Documents\DOBLE GRADO\4º carrera\TFG\WEB\TFG\src\main\java\es\marta\tfg\carescan\controller\GeneralController.java. Using fallback presentation compiler.
feb 02, 2026 12:36:39 P. M. org.eclipse.lsp4j.jsonrpc.RemoteEndpoint handleCancellation
WARNING: Unmatched cancel notification for request id 1383
2026.02.02 12:36:39 INFO  no build target found for C:\Users\marta\Documents\DOBLE GRADO\4º carrera\TFG\WEB\TFG\src\main\java\es\marta\tfg\carescan\controller\GeneralController.java. Using fallback presentation compiler.
feb 02, 2026 12:36:39 P. M. org.eclipse.lsp4j.jsonrpc.RemoteEndpoint handleCancellation
WARNING: Unmatched cancel notification for request id 1384
2026.02.02 12:36:39 INFO  no build target found for C:\Users\marta\Documents\DOBLE GRADO\4º carrera\TFG\WEB\TFG\src\main\java\es\marta\tfg\carescan\controller\GeneralController.java. Using fallback presentation compiler.
2026.02.02 12:36:46 INFO  no build target found for C:\Users\marta\Documents\DOBLE GRADO\4º carrera\TFG\WEB\TFG\src\main\java\es\marta\tfg\carescan\controller\GeneralController.java. Using fallback presentation compiler.
2026.02.02 12:36:46 INFO  no build target found for C:\Users\marta\Documents\DOBLE GRADO\4º carrera\TFG\WEB\TFG\src\main\java\es\marta\tfg\carescan\controller\GeneralController.java. Using fallback presentation compiler.
2026.02.02 12:36:53 INFO  no build target found for C:\Users\marta\Documents\DOBLE GRADO\4º carrera\TFG\WEB\TFG\src\main\java\es\marta\tfg\carescan\controller\GeneralController.java. Using fallback presentation compiler.
2026.02.02 12:36:53 INFO  no build target found for C:\Users\marta\Documents\DOBLE GRADO\4º carrera\TFG\WEB\TFG\src\main\java\es\marta\tfg\carescan\controller\GeneralController.java. Using fallback presentation compiler.
2026.02.02 12:36:59 INFO  no build target found for C:\Users\marta\Documents\DOBLE GRADO\4º carrera\TFG\WEB\TFG\src\main\java\es\marta\tfg\carescan\controller\GeneralController.java. Using fallback presentation compiler.
2026.02.02 12:37:02 INFO  no build target found for C:\Users\marta\Documents\DOBLE GRADO\4º carrera\TFG\WEB\TFG\src\main\java\es\marta\tfg\carescan\controller\GeneralController.java. Using fallback presentation compiler.
An exception has occurred in the compiler (23.0.2). Please file a bug against the Java compiler via the Java bug reporting page (https://bugreport.java.com) after checking the Bug Database (https://bugs.java.com) for duplicates. Include your program, the following diagnostic, and the parameters passed to the Java compiler in your report. Thank you.
java.lang.OutOfMemoryError: Java heap space
feb 02, 2026 12:37:05 P. M. org.eclipse.lsp4j.jsonrpc.RemoteEndpoint fallbackResponseError
SEVERE: Internal error: java.lang.OutOfMemoryError: Java heap space
java.lang.IllegalStateException: java.lang.OutOfMemoryError: Java heap space
	at jdk.compiler/com.sun.tools.javac.api.JavacTaskImpl.parse(JavacTaskImpl.java:252)
	at scala.meta.internal.pc.JavaMetalsGlobal$.scanner(JavaMetalsGlobal.scala:339)
	at scala.meta.internal.pc.JavaCompletionProvider.completions(JavaCompletionProvider.scala:55)
	at scala.meta.internal.pc.JavaPresentationCompiler.complete(JavaPresentationCompiler.scala:59)
	at scala.meta.internal.metals.Compilers.$anonfun$completions$1(Compilers.scala:710)
	at scala.meta.internal.metals.Compilers.$anonfun$withPCAndAdjustLsp$4(Compilers.scala:1446)
	at scala.Option.map(Option.scala:242)
	at scala.meta.internal.metals.Compilers.$anonfun$withPCAndAdjustLsp$3(Compilers.scala:1446)
	at scala.Option.flatMap(Option.scala:283)
	at scala.meta.internal.metals.Compilers.withPCAndAdjustLsp(Compilers.scala:1438)
	at scala.meta.internal.metals.Compilers.completions(Compilers.scala:705)
	at scala.meta.internal.metals.MetalsLspService.$anonfun$completion$1(MetalsLspService.scala:1189)
	at scala.meta.internal.metals.CancelTokens$.future(CancelTokens.scala:38)
	at scala.meta.internal.metals.MetalsLspService.completion(MetalsLspService.scala:1189)
	at scala.meta.internal.metals.WorkspaceLspService.completion(WorkspaceLspService.scala:609)
	at scala.meta.metals.lsp.DelegatingScalaService.completion(DelegatingScalaService.scala:145)
	at java.base/jdk.internal.reflect.DirectMethodHandleAccessor.invoke(DirectMethodHandleAccessor.java:103)
	at java.base/java.lang.reflect.Method.invoke(Method.java:580)
	at org.eclipse.lsp4j.jsonrpc.services.GenericEndpoint.lambda$recursiveFindRpcMethods$0(GenericEndpoint.java:65)
	at org.eclipse.lsp4j.jsonrpc.services.GenericEndpoint.request(GenericEndpoint.java:128)
	at org.eclipse.lsp4j.jsonrpc.RemoteEndpoint.handleRequest(RemoteEndpoint.java:271)
	at org.eclipse.lsp4j.jsonrpc.RemoteEndpoint.consume(RemoteEndpoint.java:201)
	at org.eclipse.lsp4j.jsonrpc.json.StreamMessageProducer.handleMessage(StreamMessageProducer.java:185)
	at org.eclipse.lsp4j.jsonrpc.json.StreamMessageProducer.listen(StreamMessageProducer.java:97)
	at org.eclipse.lsp4j.jsonrpc.json.ConcurrentMessageProcessor.run(ConcurrentMessageProcessor.java:114)
	at java.base/java.util.concurrent.Executors$RunnableAdapter.call(Executors.java:572)
	at java.base/java.util.concurrent.FutureTask.run(FutureTask.java:317)
	at java.base/java.util.concurrent.ThreadPoolExecutor.runWorker(ThreadPoolExecutor.java:1144)
	at java.base/java.util.concurrent.ThreadPoolExecutor$Worker.run(ThreadPoolExecutor.java:642)
	at java.base/java.lang.Thread.run(Thread.java:1575)
Caused by: java.lang.OutOfMemoryError: Java heap space

feb 02, 2026 12:37:05 P. M. org.eclipse.lsp4j.jsonrpc.RemoteEndpoint handleCancellation
WARNING: Unmatched cancel notification for request id 1390
2026.02.02 12:37:05 INFO  no build target found for C:\Users\marta\Documents\DOBLE GRADO\4º carrera\TFG\WEB\TFG\src\main\java\es\marta\tfg\carescan\controller\GeneralController.java. Using fallback presentation compiler.
2026.02.02 12:37:57 INFO  no build target found for C:\Users\marta\Documents\DOBLE GRADO\4º carrera\TFG\WEB\TFG\src\main\java\es\marta\tfg\carescan\controller\GeneralController.java. Using fallback presentation compiler.
Exception in thread "pool-1-thread-84" java.lang.OutOfMemoryError: Java heap space
feb 02, 2026 12:38:06 P. M. org.eclipse.lsp4j.jsonrpc.RemoteEndpoint handleCancellation
WARNING: Unmatched cancel notification for request id 1395
2026.02.02 12:38:06 WARN  no build target for: C:\Users\marta\Documents\DOBLE GRADO\4º carrera\TFG\WEB\TFG\src\main\java\es\marta\tfg\carescan\controller\GeneralController.java
feb 02, 2026 12:38:06 P. M. org.eclipse.lsp4j.jsonrpc.RemoteEndpoint handleCancellation
WARNING: Unmatched cancel notification for request id 1396
2026.02.02 12:38:06 INFO  no build target found for C:\Users\marta\Documents\DOBLE GRADO\4º carrera\TFG\WEB\TFG\src\main\java\es\marta\tfg\carescan\controller\GeneralController.java. Using fallback presentation compiler.
2026.02.02 12:38:06 INFO  no build target found for C:\Users\marta\Documents\DOBLE GRADO\4º carrera\TFG\WEB\TFG\src\main\java\es\marta\tfg\carescan\controller\GeneralController.java. Using fallback presentation compiler.
feb 02, 2026 12:38:06 P. M. org.eclipse.lsp4j.jsonrpc.RemoteEndpoint handleCancellation
WARNING: Unmatched cancel notification for request id 1391
feb 02, 2026 12:38:06 P. M. org.eclipse.lsp4j.jsonrpc.RemoteEndpoint handleCancellation
WARNING: Unmatched cancel notification for request id 1397
2026.02.02 12:38:06 INFO  no build target found for C:\Users\marta\Documents\DOBLE GRADO\4º carrera\TFG\WEB\TFG\src\main\java\es\marta\tfg\carescan\controller\GeneralController.java. Using fallback presentation compiler.
2026.02.02 12:38:06 INFO  no build target found for C:\Users\marta\Documents\DOBLE GRADO\4º carrera\TFG\WEB\TFG\src\main\java\es\marta\tfg\carescan\controller\GeneralController.java. Using fallback presentation compiler.
2026.02.02 12:38:06 WARN  Running javac-semanticdb failed for file:///C:/Users/marta/Documents/DOBLE%20GRADO/4º%20carrera/TFG/WEB/TFG/src/main/java/es/marta/tfg/carescan/controller/GeneralController.java. Output:

2026.02.02 12:38:06 INFO  no build target found for C:\Users\marta\Documents\DOBLE GRADO\4º carrera\TFG\WEB\TFG\src\main\java\es\marta\tfg\carescan\controller\GeneralController.java. Using fallback presentation compiler.
feb 02, 2026 12:38:06 P. M. org.eclipse.lsp4j.jsonrpc.RemoteEndpoint handleCancellation
WARNING: Unmatched cancel notification for request id 1394
2026.02.02 12:38:06 INFO  no build target found for C:\Users\marta\Documents\DOBLE GRADO\4º carrera\TFG\WEB\TFG\src\main\java\es\marta\tfg\carescan\controller\GeneralController.java. Using fallback presentation compiler.
feb 02, 2026 12:38:06 P. M. org.eclipse.lsp4j.jsonrpc.RemoteEndpoint handleCancellation
WARNING: Unmatched cancel notification for request id 1403
feb 02, 2026 12:38:06 P. M. org.eclipse.lsp4j.jsonrpc.RemoteEndpoint handleCancellation
WARNING: Unmatched cancel notification for request id 1402
2026.02.02 12:38:06 INFO  no build target found for C:\Users\marta\Documents\DOBLE GRADO\4º carrera\TFG\WEB\TFG\src\main\java\es\marta\tfg\carescan\controller\GeneralController.java. Using fallback presentation compiler.
2026.02.02 12:38:06 INFO  no build target found for C:\Users\marta\Documents\DOBLE GRADO\4º carrera\TFG\WEB\TFG\src\main\java\es\marta\tfg\carescan\controller\GeneralController.java. Using fallback presentation compiler.
2026.02.02 12:38:07 INFO  no build target found for C:\Users\marta\Documents\DOBLE GRADO\4º carrera\TFG\WEB\TFG\src\main\java\es\marta\tfg\carescan\controller\GeneralController.java. Using fallback presentation compiler.
feb 02, 2026 12:38:07 P. M. org.eclipse.lsp4j.jsonrpc.RemoteEndpoint handleCancellation
WARNING: Unmatched cancel notification for request id 1407
feb 02, 2026 12:38:07 P. M. org.eclipse.lsp4j.jsonrpc.RemoteEndpoint handleCancellation
WARNING: Unmatched cancel notification for request id 1406
2026.02.02 12:38:07 INFO  no build target found for C:\Users\marta\Documents\DOBLE GRADO\4º carrera\TFG\WEB\TFG\src\main\java\es\marta\tfg\carescan\controller\GeneralController.java. Using fallback presentation compiler.
2026.02.02 12:38:07 INFO  no build target found for C:\Users\marta\Documents\DOBLE GRADO\4º carrera\TFG\WEB\TFG\src\main\java\es\marta\tfg\carescan\controller\GeneralController.java. Using fallback presentation compiler.
2026.02.02 12:38:10 INFO  no build target found for C:\Users\marta\Documents\DOBLE GRADO\4º carrera\TFG\WEB\TFG\src\main\java\es\marta\tfg\carescan\controller\GeneralController.java. Using fallback presentation compiler.
feb 02, 2026 12:38:10 P. M. org.eclipse.lsp4j.jsonrpc.RemoteEndpoint handleCancellation
WARNING: Unmatched cancel notification for request id 1411
2026.02.02 12:38:10 INFO  no build target found for C:\Users\marta\Documents\DOBLE GRADO\4º carrera\TFG\WEB\TFG\src\main\java\es\marta\tfg\carescan\controller\GeneralController.java. Using fallback presentation compiler.
feb 02, 2026 12:38:10 P. M. org.eclipse.lsp4j.jsonrpc.RemoteEndpoint handleCancellation
WARNING: Unmatched cancel notification for request id 1410
2026.02.02 12:38:10 INFO  no build target found for C:\Users\marta\Documents\DOBLE GRADO\4º carrera\TFG\WEB\TFG\src\main\java\es\marta\tfg\carescan\controller\GeneralController.java. Using fallback presentation compiler.
2026.02.02 12:38:10 INFO  no build target found for C:\Users\marta\Documents\DOBLE GRADO\4º carrera\TFG\WEB\TFG\src\main\java\es\marta\tfg\carescan\controller\GeneralController.java. Using fallback presentation compiler.
feb 02, 2026 12:38:11 P. M. org.eclipse.lsp4j.jsonrpc.RemoteEndpoint handleCancellation
WARNING: Unmatched cancel notification for request id 1400
feb 02, 2026 12:38:11 P. M. org.eclipse.lsp4j.jsonrpc.RemoteEndpoint handleCancellation
WARNING: Unmatched cancel notification for request id 1415
2026.02.02 12:38:10 INFO  no build target found for C:\Users\marta\Documents\DOBLE GRADO\4º carrera\TFG\WEB\TFG\src\main\java\es\marta\tfg\carescan\controller\GeneralController.java. Using fallback presentation compiler.
feb 02, 2026 12:38:11 P. M. org.eclipse.lsp4j.jsonrpc.RemoteEndpoint handleCancellation
WARNING: Unmatched cancel notification for request id 1418
2026.02.02 12:38:10 INFO  no build target found for C:\Users\marta\Documents\DOBLE GRADO\4º carrera\TFG\WEB\TFG\src\main\java\es\marta\tfg\carescan\controller\GeneralController.java. Using fallback presentation compiler.
2026.02.02 12:38:11 WARN  no build target for: C:\Users\marta\Documents\DOBLE GRADO\4º carrera\TFG\WEB\TFG\src\main\java\es\marta\tfg\carescan\controller\GeneralController.java
feb 02, 2026 12:38:17 P. M. org.eclipse.lsp4j.jsonrpc.RemoteEndpoint handleCancellation
WARNING: Unmatched cancel notification for request id 1419
2026.02.02 12:38:17 INFO  no build target found for C:\Users\marta\Documents\DOBLE GRADO\4º carrera\TFG\WEB\TFG\src\main\java\es\marta\tfg\carescan\controller\GeneralController.java. Using fallback presentation compiler.
feb 02, 2026 12:38:17 P. M. org.eclipse.lsp4j.jsonrpc.RemoteEndpoint handleCancellation
WARNING: Unmatched cancel notification for request id 1422
2026.02.02 12:38:17 INFO  no build target found for C:\Users\marta\Documents\DOBLE GRADO\4º carrera\TFG\WEB\TFG\src\main\java\es\marta\tfg\carescan\controller\GeneralController.java. Using fallback presentation compiler.
2026.02.02 12:38:17 WARN  Running javac-semanticdb failed for file:///C:/Users/marta/Documents/DOBLE%20GRADO/4º%20carrera/TFG/WEB/TFG/src/main/java/es/marta/tfg/carescan/controller/GeneralController.java. Output:

2026.02.02 12:38:17 INFO  no build target found for C:\Users\marta\Documents\DOBLE GRADO\4º carrera\TFG\WEB\TFG\src\main\java\es\marta\tfg\carescan\controller\GeneralController.java. Using fallback presentation compiler.
feb 02, 2026 12:38:18 P. M. org.eclipse.lsp4j.jsonrpc.RemoteEndpoint handleCancellation
WARNING: Unmatched cancel notification for request id 1420
2026.02.02 12:38:17 INFO  no build target found for C:\Users\marta\Documents\DOBLE GRADO\4º carrera\TFG\WEB\TFG\src\main\java\es\marta\tfg\carescan\controller\GeneralController.java. Using fallback presentation compiler.
feb 02, 2026 12:38:21 P. M. org.eclipse.lsp4j.jsonrpc.RemoteEndpoint handleCancellation
WARNING: Unmatched cancel notification for request id 1424
2026.02.02 12:38:21 INFO  no build target found for C:\Users\marta\Documents\DOBLE GRADO\4º carrera\TFG\WEB\TFG\src\main\java\es\marta\tfg\carescan\controller\GeneralController.java. Using fallback presentation compiler.
2026.02.02 12:38:21 INFO  no build target found for C:\Users\marta\Documents\DOBLE GRADO\4º carrera\TFG\WEB\TFG\src\main\java\es\marta\tfg\carescan\controller\GeneralController.java. Using fallback presentation compiler.
feb 02, 2026 12:38:25 P. M. org.eclipse.lsp4j.jsonrpc.RemoteEndpoint handleCancellation
WARNING: Unmatched cancel notification for request id 1428
feb 02, 2026 12:38:25 P. M. org.eclipse.lsp4j.jsonrpc.RemoteEndpoint handleCancellation
WARNING: Unmatched cancel notification for request id 1414
feb 02, 2026 12:38:25 P. M. org.eclipse.lsp4j.jsonrpc.RemoteEndpoint handleCancellation
WARNING: Unmatched cancel notification for request id 1427
2026.02.02 12:38:25 INFO  no build target found for C:\Users\marta\Documents\DOBLE GRADO\4º carrera\TFG\WEB\TFG\src\main\java\es\marta\tfg\carescan\controller\GeneralController.java. Using fallback presentation compiler.
feb 02, 2026 12:38:29 P. M. org.eclipse.lsp4j.jsonrpc.RemoteEndpoint handleCancellation
WARNING: Unmatched cancel notification for request id 1417
2026.02.02 12:38:29 INFO  no build target found for C:\Users\marta\Documents\DOBLE GRADO\4º carrera\TFG\WEB\TFG\src\main\java\es\marta\tfg\carescan\controller\GeneralController.java. Using fallback presentation compiler.
2026.02.02 12:38:29 INFO  no build target found for C:\Users\marta\Documents\DOBLE GRADO\4º carrera\TFG\WEB\TFG\src\main\java\es\marta\tfg\carescan\controller\GeneralController.java. Using fallback presentation compiler.
feb 02, 2026 12:38:51 P. M. org.eclipse.lsp4j.jsonrpc.RemoteEndpoint handleCancellation
WARNING: Unmatched cancel notification for request id 1425
feb 02, 2026 12:38:55 P. M. org.eclipse.lsp4j.jsonrpc.RemoteEndpoint handleCancellation
WARNING: Unmatched cancel notification for request id 1430
2026.02.02 12:38:55 INFO  no build target found for C:\Users\marta\Documents\DOBLE GRADO\4º carrera\TFG\WEB\TFG\src\main\java\es\marta\tfg\carescan\controller\GeneralController.java. Using fallback presentation compiler.
feb 02, 2026 12:40:14 P. M. org.eclipse.lsp4j.jsonrpc.RemoteEndpoint fallbackResponseError
SEVERE: Internal error: Java heap space
java.lang.OutOfMemoryError: Java heap space

Exception in thread "Logging-Cleaner" java.lang.OutOfMemoryError: Java heap space
Exception in thread "pool-1-thread-88" java.lang.OutOfMemoryError: Java heap space
Exception in thread "pool-1-thread-91" java.lang.OutOfMemoryError: Java heap space
Exception in thread "pool-1-thread-85" java.lang.OutOfMemoryError: Java heap space
